date,type,title,f_concept,recordModified,latLong,f_location,json,f_place,id,place,RELS_EXT_isSequenceNumber_literal_ms,PID,label,collection,text_nodes_HOCR_hlt,_version_,name,recordCreated,location,RELS_EXT_isMemberOf_uri_ms
"",Organization,,"engineers,architectenbureau",2014-06-16T10:20:02.324Z,,,"{""pid"":""po:58""\,""type"":""Organization""\,""label"":""N.V. Architecten-Ingenieursbureau Fermont te Weltevreden en Ed. Cuypers te Amsterdam""\,""datastream-ID"":[""OBJ""\,""TECHMD""\,""TN""\,""MEDIUM_SIZE""]\,""meta"":{""concept"":[{""pid"":""aat:300025063""\,""$"":""engineers""}\,{""pid"":""aat:900027065""\,""$"":""architectenbureau""}]\,""place"":{""pid"":""gn:1642911""\,""$"":""Jakarta""}\,""prefName"":""N.V. Architecten-Ingenieursbureau Fermont te Weltevreden en Ed. Cuypers te Amsterdam""}\,""items"":{""Person"":[{""role"":""worked at""\,""pid"":""po:137""\,""label"":""Cuypers\, E.H.G.H.""\,""place"":{""pid"":""gn:2748000""\,""$"":""Roermond""}\,""concept"":{""pid"":""aat:300024987""\,""$"":""architects""}}\,{""role"":""worked at""\,""pid"":""po:139""\,""label"":""Dicke\, F.""\,""concept"":{""pid"":""aat:300024987""\,""$"":""architects""}}\,{""role"":""worked at""\,""pid"":""po:141""\,""label"":""Dikstaal\, A.""\,""concept"":{""pid"":""aat:300024987""\,""$"":""architects""}}\,{""role"":""worked at""\,""pid"":""po:152""\,""label"":""Fermont\, A.A.""\,""concept"":{""pid"":""aat:300024987""\,""$"":""architects""}}\,{""role"":""worked at""\,""pid"":""po:182""\,""label"":""Kreisler\, A.R.M.""\,""place"":{""pid"":""gn:2873759""\,""$"":""Marburg""}\,""concept"":{""pid"":""aat:300024987""\,""$"":""architects""}}\,{""role"":""worked at""\,""pid"":""po:192""\,""label"":""Linde\, C. van de""\,""place"":{""pid"":""gn:2752638""\,""$"":""Kloetinge""}\,""concept"":{""pid"":""aat:300024987""\,""$"":""architects""}}\,{""role"":""worked at""\,""pid"":""po:213""\,""label"":""Nix\, C.T.""\,""place"":{""pid"":""gn:1650357""\,""$"":""Bandung""}\,""concept"":{""pid"":""aat:300024987""\,""$"":""architects""}}\,{""role"":""worked at""\,""pid"":""po:229""\,""label"":""Roebbers\, H.""\,""concept"":{""pid"":""aat:300024987""\,""$"":""architects""}}\,{""role"":""worked at""\,""pid"":""po:242""\,""label"":""Smits\, A.P.""\,""place"":{""pid"":""gn:2755003""\,""$"":""Haarlem""}\,""concept"":{""pid"":""aat:300024987""\,""$"":""architects""}}\,{""role"":""worked at""\,""pid"":""po:252""\,""label"":""Taen Err Toung\, Th.J.""\,""place"":{""pid"":""gn:2950159""\,""$"":""Berlin""}\,""concept"":{""pid"":""aat:300024987""\,""$"":""architects""}}]}}",Jakarta,po:58,"Jakarta,Jakarta",,po:58,N.V. Architecten-Ingenieursbureau Fermont te Weltevreden en Ed. Cuypers te Amsterdam,collection:koloniaal_erfgoed,,1754744558270283776,N.V. Architecten-Ingenieursbureau Fermont te Weltevreden en Ed. Cuypers te Amsterdam,2013-11-25T12:23:14.683Z,,
"",Organization,,"contractors,engineers",2014-06-16T11:30:03.882Z,,,"{""pid"":""po:96""\,""type"":""Organization""\,""label"":""Ingenieurs- en aannemingsbedrijf Reyerse & de Vries (Cirebon)""\,""datastream-ID"":[""OBJ""\,""TECHMD""\,""TN""\,""MEDIUM_SIZE""]\,""meta"":{""concept"":[{""pid"":""aat:300025052""\,""$"":""contractors""}\,{""pid"":""aat:300025063""\,""$"":""engineers""}]\,""place"":{""pid"":""gn:1646170""\,""$"":""Cirebon""}\,""prefName"":""Ingenieurs- en aannemingsbedrijf Reyerse & de Vries (Cirebon)""}\,""items"":{""Person"":{""role"":""worked at""\,""pid"":""po:264""\,""label"":""Vries\, de""\,""concept"":{""pid"":""aat:300024987""\,""$"":""architects""}}}}",Cirebon,po:96,Cirebon,,po:96,Ingenieurs- en aannemingsbedrijf Reyerse & de Vries (Cirebon),collection:koloniaal_erfgoed,,1754744558360461312,Ingenieurs- en aannemingsbedrijf Reyerse & de Vries (Cirebon),2013-11-27T14:08:04.462Z,,
"",Organization,,architectenbureau,2014-06-16T09:40:02.709Z,,,"{""pid"":""po:66""\,""type"":""Organization""\,""label"":""Atelier P.J.H. Cuypers""\,""datastream-ID"":[""OBJ""\,""TECHMD""\,""TN""\,""MEDIUM_SIZE""]\,""meta"":{""concept"":{""pid"":""aat:900027065""\,""$"":""architectenbureau""}\,""name"":""P.J.H. Cuypers""\,""prefName"":""Atelier P.J.H. Cuypers""}\,""items"":null}",,po:66,,,po:66,Atelier P.J.H. Cuypers,collection:koloniaal_erfgoed,,1754746490257932288,"P.J.H. Cuypers,Atelier P.J.H. Cuypers",2013-11-26T09:12:06.592Z,,
"",Organization,,universities,2014-11-05T15:50:02.418Z,,,"{""pid"":""po:8""\,""type"":""Organization""\,""label"":""Technische Universiteit Delft""\,""datastream-ID"":[""OBJ""\,""TECHMD""\,""TN""\,""MEDIUM_SIZE""]\,""meta"":{""concept"":{""pid"":""aat:300006617""\,""$"":""universities""}\,""name"":[""TU Delft""\,""Delft Technical University""]\,""place"":{""pid"":""gn:2757345""\,""$"":""Delft""}\,""prefName"":""Technische Universiteit Delft""}\,""items"":null}",Delft,po:8,Delft,,po:8,Technische Universiteit Delft,collection:koloniaal_erfgoed,,1754746631143555072,"TU Delft,Delft Technical University,Technische Universiteit Delft",2013-10-24T15:10:20.396Z,,
"",Organization,,architectenbureau,2014-06-16T10:00:05.841Z,,,"{""pid"":""po:45""\,""type"":""Organization""\,""label"":""Klinkhamer\, J.F.""\,""datastream-ID"":[""OBJ""\,""TECHMD""\,""TN""\,""MEDIUM_SIZE""]\,""meta"":{""concept"":{""pid"":""aat:900027065""\,""$"":""architectenbureau""}\,""prefName"":""Klinkhamer\, J.F.""}\,""items"":{""Person"":{""role"":""worked at""\,""pid"":""po:215""\,""label"":""Ouëndag\, B.J.""\,""place"":{""pid"":""gn:2759794""\,""$"":""Amsterdam""}\,""concept"":{""pid"":""aat:300024987""\,""$"":""architects""}}}}",,po:45,,,po:45,"Klinkhamer, J.F.",collection:koloniaal_erfgoed,,1754746630995705856,"Klinkhamer\, J.F.",2013-11-25T10:13:20.584Z,,
"",Organization,,architectenbureau,2014-06-16T10:20:02.157Z,,,"{""pid"":""po:49""\,""type"":""Organization""\,""label"":""Nix en Van Hasselt""\,""datastream-ID"":[""OBJ""\,""TECHMD""\,""TN""\,""MEDIUM_SIZE""]\,""meta"":{""concept"":{""pid"":""aat:900027065""\,""$"":""architectenbureau""}\,""prefName"":""Nix en Van Hasselt""}\,""items"":{""Person"":{""role"":""worked at""\,""pid"":""po:213""\,""label"":""Nix\, C.T.""\,""place"":{""pid"":""gn:1650357""\,""$"":""Bandung""}\,""concept"":{""pid"":""aat:300024987""\,""$"":""architects""}}}}",,po:49,,,po:49,Nix en Van Hasselt,collection:koloniaal_erfgoed,,1754747270800080896,Nix en Van Hasselt,2013-11-25T10:27:32.010Z,,
"",Organization,,architectenbureau,2014-06-16T10:10:02.598Z,,,"{""pid"":""po:48""\,""type"":""Organization""\,""label"":""M. de Klerk\, Gulden en Geldmaker\, Ed. Cuypers""\,""datastream-ID"":[""OBJ""\,""TECHMD""\,""TN""\,""MEDIUM_SIZE""]\,""meta"":{""concept"":{""pid"":""aat:900027065""\,""$"":""architectenbureau""}\,""place"":{""pid"":""gn:2759794""\,""$"":""Amsterdam""}\,""prefName"":""M. de Klerk\, Gulden en Geldmaker\, Ed. Cuypers""}\,""items"":{""Person"":{""role"":""worked at""\,""pid"":""po:190""\,""label"":""Liem\, B.T.""\,""place"":{""pid"":""gn:1627896""\,""$"":""Semarang""}\,""concept"":{""pid"":""aat:300024987""\,""$"":""architects""}}}}",Amsterdam,po:48,Amsterdam,,po:48,"M. de Klerk, Gulden en Geldmaker, Ed. Cuypers",collection:koloniaal_erfgoed,,1754747158826844160,"M. de Klerk\, Gulden en Geldmaker\, Ed. Cuypers",2013-11-25T10:26:21.710Z,,
"",Organization,,contractors,2014-09-04T15:58:31.042Z,,,"{""pid"":""po:28""\,""type"":""Organization""\,""label"":""Aannemer J. Bennink""\,""datastream-ID"":[""OBJ""\,""TECHMD""\,""TN""\,""MEDIUM_SIZE""]\,""meta"":{""concept"":{""pid"":""aat:300025052""\,""$"":""contractors""}\,""place"":{""pid"":""gn:1626381""\,""$"":""Sukabumi""}\,""prefName"":""Aannemer J. Bennink""}\,""items"":{""Person"":{""role"":""worked at""\,""pid"":""po:103""\,""label"":""Aalbers\, A.F.""\,""place"":{""pid"":""gn:2747891""\,""$"":""Rotterdam""}\,""concept"":{""pid"":""aat:300024987""\,""$"":""architects""}}}}",Sukabumi,po:28,Sukabumi,,po:28,Aannemer J. Bennink,collection:koloniaal_erfgoed,,1754747158714646528,Aannemer J. Bennink,2013-11-21T14:22:43.610Z,,
"",Organization,,academies (organizations),2014-06-16T12:40:02.410Z,,,"{""pid"":""po:67""\,""type"":""Organization""\,""label"":""Avondvakschool""\,""datastream-ID"":[""OBJ""\,""TECHMD""\,""TN""\,""MEDIUM_SIZE""]\,""meta"":{""concept"":{""pid"":""aat:300007089""\,""$"":""academies (organizations)""}\,""place"":{""pid"":""gn:2747373""\,""$"":""The Hague""}\,""prefName"":""Avondvakschool""}\,""items"":{""Person"":{""role"":""student at""\,""pid"":""po:160""\,""label"":""Groenewegen\, J.M.""\,""place"":{""pid"":""gn:2747373""\,""$"":""The Hague""}\,""concept"":{""pid"":""aat:300024987""\,""$"":""architects""}}}}",The Hague,po:67,"The Hague,Den Haag,The Hague",,po:67,Avondvakschool,collection:koloniaal_erfgoed,,1754747470010646528,Avondvakschool,2013-11-26T09:33:47.511Z,,
"",Organization,,"contractors,engineers",2014-06-16T11:30:03.160Z,,,"{""pid"":""po:51""\,""type"":""Organization""\,""label"":""Ingenieurs- en aannemingsbedrijf Reyerse & de Vries (Jakarta)""\,""datastream-ID"":[""OBJ""\,""TECHMD""\,""TN""\,""MEDIUM_SIZE""]\,""meta"":{""concept"":[{""pid"":""aat:300025052""\,""$"":""contractors""}\,{""pid"":""aat:300025063""\,""$"":""engineers""}]\,""place"":{""pid"":""gn:1642911""\,""$"":""Jakarta""}\,""prefName"":""Ingenieurs- en aannemingsbedrijf Reyerse & de Vries (Jakarta)""}\,""items"":null}",Jakarta,po:51,"Jakarta,Jakarta",,po:51,Ingenieurs- en aannemingsbedrijf Reyerse & de Vries (Jakarta),collection:koloniaal_erfgoed,,1754747583565135872,Ingenieurs- en aannemingsbedrijf Reyerse & de Vries (Jakarta),2013-11-25T11:10:52.127Z,,
"",Organization,,engineers,2014-06-13T14:30:02.928Z,,,"{""pid"":""po:97""\,""type"":""Organization""\,""label"":""Technisch bureau Hulswit en Fermont te Weltevreden""\,""datastream-ID"":[""OBJ""\,""TECHMD""\,""TN""\,""MEDIUM_SIZE""]\,""meta"":{""concept"":{""pid"":""aat:300025063""\,""$"":""engineers""}\,""place"":{""pid"":""gn:1642911""\,""$"":""Jakarta""}\,""prefName"":""Technisch bureau Hulswit en Fermont te Weltevreden""}\,""items"":{""Person"":[{""role"":""worked at""\,""pid"":""po:137""\,""label"":""Cuypers\, E.H.G.H.""\,""place"":{""pid"":""gn:2748000""\,""$"":""Roermond""}\,""concept"":{""pid"":""aat:300024987""\,""$"":""architects""}}\,{""role"":""worked at""\,""pid"":""po:152""\,""label"":""Fermont\, A.A.""\,""concept"":{""pid"":""aat:300024987""\,""$"":""architects""}}\,{""role"":""worked at""\,""pid"":""po:172""\,""label"":""Hulswit\, M.J.""\,""place"":{""pid"":""gn:2759794""\,""$"":""Amsterdam""}\,""concept"":{""pid"":""aat:300024987""\,""$"":""architects""}}]}}",Jakarta,po:97,"Jakarta,Jakarta",,po:97,Technisch bureau Hulswit en Fermont te Weltevreden,collection:koloniaal_erfgoed,,1754747874862694400,Technisch bureau Hulswit en Fermont te Weltevreden,2013-11-27T14:09:51.319Z,,
"",Organization,,"engineers,architectenbureau",2014-06-16T10:20:02.482Z,,,"{""pid"":""po:60""\,""type"":""Organization""\,""label"":""N.V. Architecten- Ingenieursbureau Hulswit en Fermont te Weltevreden en Ed. Cuypers te Amsterdam (filiaalkantoor Surabaya)""\,""datastream-ID"":[""OBJ""\,""TECHMD""\,""TN""\,""MEDIUM_SIZE""]\,""meta"":{""concept"":[{""pid"":""aat:300025063""\,""$"":""engineers""}\,{""pid"":""aat:900027065""\,""$"":""architectenbureau""}]\,""place"":{""pid"":""gn:1625822""\,""$"":""Surabaya""}\,""prefName"":""N.V. Architecten- Ingenieursbureau Hulswit en Fermont te Weltevreden en Ed. Cuypers te Amsterdam (filiaalkantoor Surabaya)""}\,""items"":{""Person"":{""role"":""worked at""\,""pid"":""po:151""\,""label"":""Estourgie\, H.L.J.M.""\,""place"":{""pid"":""gn:2759794""\,""$"":""Amsterdam""}\,""concept"":{""pid"":""aat:300024987""\,""$"":""architects""}}}}",Surabaya,po:60,Surabaya,,po:60,N.V. Architecten- Ingenieursbureau Hulswit en Fermont te Weltevreden en Ed. Cuypers te Amsterdam (filiaalkantoor Surabaya),collection:koloniaal_erfgoed,,1754748409181372416,N.V. Architecten- Ingenieursbureau Hulswit en Fermont te Weltevreden en Ed. Cuypers te Amsterdam (filiaalkantoor Surabaya),2013-11-25T13:40:53.373Z,,
"",Organization,,"engineers,architectenbureau",2014-06-16T10:20:02.239Z,,,"{""pid"":""po:57""\,""type"":""Organization""\,""label"":""N.V. Architecten-Ingenieursbureau Fermont te Weltevreden en Ed. Cuypers te Amsterdam""\,""datastream-ID"":[""OBJ""\,""TECHMD""\,""TN""\,""MEDIUM_SIZE""]\,""meta"":{""concept"":[{""pid"":""aat:300025063""\,""$"":""engineers""}\,{""pid"":""aat:900027065""\,""$"":""architectenbureau""}]\,""name"":[""N.V. Architecten-Ingenieursbureau Fermont te Weltevreden en Ed. Cuypers\, Amsterdam""\,""N.V. Architecten- en Ingenieursbureau Fermont te Weltevreden en Ed. Cuypers te Amsterdam""]\,""place"":{""pid"":""gn:2759794""\,""$"":""Amsterdam""}\,""prefName"":""N.V. Architecten-Ingenieursbureau Fermont te Weltevreden en Ed. Cuypers te Amsterdam""}\,""items"":{""Person"":{""role"":""worked at""\,""pid"":""po:172""\,""label"":""Hulswit\, M.J.""\,""place"":{""pid"":""gn:2759794""\,""$"":""Amsterdam""}\,""concept"":{""pid"":""aat:300024987""\,""$"":""architects""}}}}",Amsterdam,po:57,Amsterdam,,po:57,N.V. Architecten-Ingenieursbureau Fermont te Weltevreden en Ed. Cuypers te Amsterdam,collection:koloniaal_erfgoed,,1754747766993584128,"N.V. Architecten-Ingenieursbureau Fermont te Weltevreden en Ed. Cuypers\, Amsterdam,N.V. Architecten- en Ingenieursbureau Fermont te Weltevreden en Ed. Cuypers te Amsterdam,N.V. Architecten-Ingenieursbureau Fermont te Weltevreden en Ed. Cuypers te Amsterdam",2013-11-25T12:21:00.335Z,,
"",Organization,,architectenbureau,2014-06-13T14:30:02.694Z,,,"{""pid"":""po:55""\,""type"":""Organization""\,""label"":""Ed. Cuypers te Amsterdam""\,""datastream-ID"":[""OBJ""\,""TECHMD""\,""TN""\,""MEDIUM_SIZE""]\,""meta"":{""concept"":{""pid"":""aat:900027065""\,""$"":""architectenbureau""}\,""place"":{""pid"":""gn:1642911""\,""$"":""Jakarta""}\,""prefName"":""Ed. Cuypers te Amsterdam""}\,""items"":{""Person"":[{""role"":""student at""\,""pid"":""po:137""\,""label"":""Cuypers\, E.H.G.H.""\,""place"":{""pid"":""gn:2748000""\,""$"":""Roermond""}\,""concept"":{""pid"":""aat:300024987""\,""$"":""architects""}}\,{""role"":""student at""\,""pid"":""po:172""\,""label"":""Hulswit\, M.J.""\,""place"":{""pid"":""gn:2759794""\,""$"":""Amsterdam""}\,""concept"":{""pid"":""aat:300024987""\,""$"":""architects""}}]}}",Jakarta,po:55,"Jakarta,Jakarta",,po:55,Ed. Cuypers te Amsterdam,collection:koloniaal_erfgoed,,1754748829272375296,Ed. Cuypers te Amsterdam,2013-11-25T11:40:01.184Z,,
"",Organization,,"polytechnics,universities",2014-11-05T15:53:18.500Z,,,"{""pid"":""po:69""\,""type"":""Organization""\,""label"":""Polytechnische School""\,""datastream-ID"":[""TECHMD""\,""OBJ""\,""TN""\,""MEDIUM_SIZE""]\,""meta"":{""concept"":[{""pid"":""aat:300006616""\,""$"":""polytechnics""}\,{""pid"":""aat:300006617""\,""$"":""universities""}]\,""place"":{""pid"":""gn:2757345""\,""$"":""Delft""}\,""prefName"":""Polytechnische School""}\,""items"":{""Person"":[{""role"":""student at""\,""pid"":""po:156""\,""label"":""Ghijsels\, F.J.L.""\,""place"":{""pid"":""gn:7666512""\,""$"":""Tulung Agung""}\,""concept"":{""pid"":""aat:300024987""\,""$"":""architects""}}\,{""role"":""student at""\,""pid"":""po:178""\,""label"":""Klinkhamer\, J.F.""\,""place"":{""pid"":""gn:2759794""\,""$"":""Amsterdam""}\,""concept"":{""pid"":""aat:300024987""\,""$"":""architects""}}\,{""role"":""student at""\,""pid"":""po:222""\,""label"":""Plate\, A.""\,""place"":{""pid"":""gn:2747891""\,""$"":""Rotterdam""}\,""concept"":{""pid"":""aat:300024987""\,""$"":""architects""}}\,{""role"":""student at""\,""pid"":""po:290""\,""label"":""Toorop\, J.T.""\,""place"":{""pid"":""gn:1630326""\,""$"":""Purworejo""}\,""concept"":{""pid"":""aat:300025103""\,""$"":""artists""}}]}}",Delft,po:69,Delft,,po:69,Polytechnische School,collection:koloniaal_erfgoed,,1754748654490484736,Polytechnische School,2013-11-26T09:36:34.981Z,,
"",Organization,,"engineers,architectenbureau",2014-06-13T14:10:02.181Z,,,"{""pid"":""po:23""\,""type"":""Organization""\,""label"":""Algemeen Ingenieurs- en Architecten Bureau (Bandung)""\,""datastream-ID"":[""OBJ""\,""TECHMD""\,""TN""\,""MEDIUM_SIZE""]\,""meta"":{""concept"":[{""pid"":""aat:300025063""\,""$"":""engineers""}\,{""pid"":""aat:900027065""\,""$"":""architectenbureau""}]\,""name"":[""AIA""\,""A.I.A.""]\,""place"":{""pid"":""gn:1650357""\,""$"":""Bandung""}\,""prefName"":""Algemeen Ingenieurs- en Architecten Bureau (Bandung)""}\,""items"":{""Image"":{""role"":""has architect""\,""pid"":""uuid:c8ed5002-99ce-4f27-a7da-b1952c9b02dc""\,""label"":""Aloon-aloon West\, Bandoeng""\,""date"":""1920-1940""}\,""Person"":{""role"":""worked at""\,""pid"":""po:239""\,""label"":""Schouten\, A.""\,""concept"":{""pid"":""aat:300024987""\,""$"":""architects""}}}}",Bandung,po:23,Bandung,,po:23,Algemeen Ingenieurs- en Architecten Bureau (Bandung),collection:koloniaal_erfgoed,,1754749349000118272,"AIA,A.I.A.,Algemeen Ingenieurs- en Architecten Bureau (Bandung)",2013-11-20T14:17:45.165Z,,
"",Organization,,architectenbureau,2014-06-16T09:50:02.952Z,,,"{""pid"":""po:40""\,""type"":""Organization""\,""label"":""Bureau Aalbers en De Waal (Amsterdam)""\,""datastream-ID"":[""OBJ""\,""TECHMD""\,""TN""\,""MEDIUM_SIZE""]\,""meta"":{""concept"":{""pid"":""aat:900027065""\,""$"":""architectenbureau""}\,""place"":{""pid"":""gn:2759794""\,""$"":""Amsterdam""}\,""prefName"":""Bureau Aalbers en De Waal (Amsterdam)""}\,""items"":null}",Amsterdam,po:40,Amsterdam,,po:40,Bureau Aalbers en De Waal (Amsterdam),collection:koloniaal_erfgoed,,1754749349078761472,Bureau Aalbers en De Waal (Amsterdam),2013-11-25T09:37:40.838Z,,
"",Organization,,"polytechnics,universities",2014-06-16T12:50:02.719Z,,,"{""pid"":""po:74""\,""type"":""Organization""\,""label"":""Technische Hochschule Graz""\,""datastream-ID"":[""OBJ""\,""TECHMD""\,""TN""\,""MEDIUM_SIZE""]\,""meta"":{""concept"":[{""pid"":""aat:300006616""\,""$"":""polytechnics""}\,{""pid"":""aat:300006617""\,""$"":""universities""}]\,""place"":{""pid"":""gn:2778067""\,""$"":""Graz""}\,""prefName"":""Technische Hochschule Graz""}\,""items"":{""Person"":{""role"":""student at""\,""pid"":""po:260""\,""label"":""Nobile de Vistarini\, B.A.""\,""place"":{""pid"":""gn:3195506""\,""$"":""Maribor""}\,""concept"":{""pid"":""aat:300024987""\,""$"":""architects""}}}}",Graz,po:74,Graz,,po:74,Technische Hochschule Graz,collection:koloniaal_erfgoed,,1754750246799278080,Technische Hochschule Graz,2013-11-26T09:43:33.992Z,,
"",Organization,,architectenbureau,2014-09-04T15:58:32.057Z,,,"{""pid"":""po:54""\,""type"":""Organization""\,""label"":""Architectenbureau Ed. Cuypers te Amsterdam""\,""datastream-ID"":[""OBJ""\,""TECHMD""\,""TN""\,""MEDIUM_SIZE""]\,""meta"":{""concept"":{""pid"":""aat:900027065""\,""$"":""architectenbureau""}\,""place"":{""pid"":""gn:2759794""\,""$"":""Amsterdam""}\,""prefName"":""Architectenbureau Ed. Cuypers te Amsterdam""}\,""items"":{""Person"":{""role"":""worked at""\,""pid"":""po:252""\,""label"":""Taen Err Toung\, Th.J.""\,""place"":{""pid"":""gn:2950159""\,""$"":""Berlin""}\,""concept"":{""pid"":""aat:300024987""\,""$"":""architects""}}}}",Amsterdam,po:54,Amsterdam,,po:54,Architectenbureau Ed. Cuypers te Amsterdam,collection:koloniaal_erfgoed,,1754750516307427328,Architectenbureau Ed. Cuypers te Amsterdam,2013-11-25T11:34:42.664Z,,
"",Organization,,contractors,2014-06-16T11:40:02.418Z,,,"{""pid"":""po:288""\,""type"":""Organization""\,""label"":""Souw Lian Tjay""\,""datastream-ID"":[""OBJ""\,""TECHMD""\,""TN""\,""MEDIUM_SIZE""]\,""meta"":{""concept"":{""pid"":""aat:300025052""\,""$"":""contractors""}\,""place"":{""pid"":""gn:1642911""\,""$"":""Jakarta""}\,""prefName"":""Souw Lian Tjay""}\,""items"":null}",Jakarta,po:288,"Jakarta,Jakarta",,po:288,Souw Lian Tjay,collection:koloniaal_erfgoed,,1754751289133105152,Souw Lian Tjay,2014-06-16T11:36:34.923Z,,
"",Organization,,contractors,2014-06-16T11:30:03.534Z,,,"{""pid"":""po:91""\,""type"":""Organization""\,""label"":""Technisch Bureau Biezeveld & Moojen""\,""datastream-ID"":[""OBJ""\,""TECHMD""\,""TN""\,""MEDIUM_SIZE""]\,""meta"":{""concept"":{""pid"":""aat:300025052""\,""$"":""contractors""}\,""place"":{""pid"":""gn:1650357""\,""$"":""Bandung""}\,""prefName"":""Technisch Bureau Biezeveld & Moojen""}\,""items"":{""Person"":{""role"":""worked at""\,""pid"":""po:205""\,""label"":""Moojen\, P.A.J.""\,""place"":{""pid"":""gn:2752638""\,""$"":""Kloetinge""}\,""concept"":{""pid"":""aat:300024987""\,""$"":""architects""}}}}",Bandung,po:91,Bandung,,po:91,Technisch Bureau Biezeveld & Moojen,collection:koloniaal_erfgoed,,1754751544292540416,Technisch Bureau Biezeveld & Moojen,2013-11-27T13:54:02.274Z,,
"",Organization,,contractors,2014-06-16T11:30:03.294Z,,,"{""pid"":""po:89""\,""type"":""Organization""\,""label"":""Semarangsche aannemingsmij""\,""datastream-ID"":[""OBJ""\,""TECHMD""\,""TN""\,""MEDIUM_SIZE""]\,""meta"":{""concept"":{""pid"":""aat:300025052""\,""$"":""contractors""}\,""place"":{""pid"":""gn:1627896""\,""$"":""Semarang""}\,""prefName"":""Semarangsche aannemingsmij""}\,""items"":{""Person"":{""role"":""worked at""\,""pid"":""po:197""\,""label"":""Lutjens\, G.W.A.W.""\,""concept"":{""pid"":""aat:300024987""\,""$"":""architects""}}}}",Semarang,po:89,Semarang,,po:89,Semarangsche aannemingsmij,collection:koloniaal_erfgoed,,1754751639837736960,Semarangsche aannemingsmij,2013-11-27T13:51:11.759Z,,
"",Organization,,"academies (organizations),schools (organizations)",2014-06-16T12:10:01.891Z,,,"{""pid"":""po:61""\,""type"":""Organization""\,""label"":""Academie voor Beeldende Kunsten en Technische Wetenschappen""\,""datastream-ID"":[""OBJ""\,""TECHMD""\,""TN""\,""MEDIUM_SIZE""]\,""meta"":{""concept"":[{""pid"":""aat:300007089""\,""$"":""academies (organizations)""}\,{""pid"":""aat:300266108""\,""$"":""schools (organizations)""}]\,""place"":{""pid"":""gn:2747891""\,""$"":""Rotterdam""}\,""prefName"":""Academie voor Beeldende Kunsten en Technische Wetenschappen""}\,""items"":{""Person"":[{""role"":""student at""\,""pid"":""po:103""\,""label"":""Aalbers\, A.F.""\,""place"":{""pid"":""gn:2747891""\,""$"":""Rotterdam""}\,""concept"":{""pid"":""aat:300024987""\,""$"":""architects""}}\,{""role"":""student at""\,""pid"":""po:196""\,""label"":""Lüning\, H.""\,""place"":{""pid"":""gn:2747891""\,""$"":""Rotterdam""}\,""concept"":{""pid"":""aat:300024987""\,""$"":""architects""}}]}}",Rotterdam,po:61,Rotterdam,,po:61,Academie voor Beeldende Kunsten en Technische Wetenschappen,collection:koloniaal_erfgoed,,1754745994140975104,Academie voor Beeldende Kunsten en Technische Wetenschappen,2013-11-25T14:06:32.835Z,,
"",Organization,,"academies (organizations),schools (organizations)",2014-06-16T13:00:02.118Z,,,"{""pid"":""po:70""\,""type"":""Organization""\,""label"":""Rijksakademie van Beeldende Kunsten""\,""datastream-ID"":[""OBJ""\,""TECHMD""\,""TN""\,""MEDIUM_SIZE""]\,""meta"":{""concept"":[{""pid"":""aat:300007089""\,""$"":""academies (organizations)""}\,{""pid"":""aat:300266108""\,""$"":""schools (organizations)""}]\,""place"":{""pid"":""gn:2759794""\,""$"":""Amsterdam""}\,""prefName"":""Rijksakademie van Beeldende Kunsten""}\,""items"":{""Person"":[{""role"":""student at""\,""pid"":""po:13""\,""label"":""Berlage\, H.P.""\,""place"":{""pid"":""gn:2759794""\,""$"":""Amsterdam""}\,""concept"":[{""pid"":""aat:300264668""\,""$"":""urban designers""}\,{""pid"":""aat:300024987""\,""$"":""architects""}]}\,{""role"":""student at""\,""pid"":""po:290""\,""label"":""Toorop\, J.T.""\,""place"":{""pid"":""gn:1630326""\,""$"":""Purworejo""}\,""concept"":{""pid"":""aat:300025103""\,""$"":""artists""}}]}}",Amsterdam,po:70,Amsterdam,,po:70,Rijksakademie van Beeldende Kunsten,collection:koloniaal_erfgoed,,1754745770047700992,Rijksakademie van Beeldende Kunsten,2013-11-26T09:38:15.781Z,,
"",Organization,,engineers,2014-06-16T11:20:02.715Z,,,"{""pid"":""po:94""\,""type"":""Organization""\,""label"":""Aannemingsbedrijf Selle en de Bruyn""\,""datastream-ID"":[""OBJ""\,""TECHMD""\,""TN""\,""MEDIUM_SIZE""]\,""meta"":{""concept"":{""pid"":""aat:300025063""\,""$"":""engineers""}\,""name"":""Ingenieurs- en aannemingsbedrijf Selle & De Bruyn""\,""place"":{""pid"":""gn:1642911""\,""$"":""Jakarta""}\,""prefName"":""Aannemingsbedrijf Selle en de Bruyn""}\,""items"":{""Person"":[{""role"":""worked at""\,""pid"":""po:226""\,""label"":""Reyerse""\,""concept"":{""pid"":""aat:300024987""\,""$"":""architects""}}\,{""role"":""worked at""\,""pid"":""po:264""\,""label"":""Vries\, de""\,""concept"":{""pid"":""aat:300024987""\,""$"":""architects""}}]}}",Jakarta,po:94,"Jakarta,Jakarta",,po:94,Aannemingsbedrijf Selle en de Bruyn,collection:koloniaal_erfgoed,,1754745077267169280,"Ingenieurs- en aannemingsbedrijf Selle & De Bruyn,Aannemingsbedrijf Selle en de Bruyn",2013-11-27T14:05:03.891Z,,
"",Organization,,architectenbureau,2014-06-16T09:50:03.077Z,,,"{""pid"":""po:41""\,""type"":""Organization""\,""label"":""Bureau Aalbers en de Waal (Bandoeng)""\,""datastream-ID"":[""OBJ""\,""TECHMD""\,""TN""\,""MEDIUM_SIZE""]\,""meta"":{""concept"":{""pid"":""aat:900027065""\,""$"":""architectenbureau""}\,""place"":{""pid"":""gn:1650357""\,""$"":""Bandung""}\,""prefName"":""Bureau Aalbers en de Waal (Bandoeng)""}\,""items"":{""Person"":[{""role"":""worked at""\,""pid"":""po:103""\,""label"":""Aalbers\, A.F.""\,""place"":{""pid"":""gn:2747891""\,""$"":""Rotterdam""}\,""concept"":{""pid"":""aat:300024987""\,""$"":""architects""}}\,{""role"":""worked at""\,""pid"":""po:266""\,""label"":""Waal\, R.A. de""\,""place"":{""pid"":""gn:2753376""\,""$"":""IJmuiden""}\,""concept"":{""pid"":""aat:300024987""\,""$"":""architects""}}]}}",Bandung,po:41,Bandung,,po:41,Bureau Aalbers en de Waal (Bandoeng),collection:koloniaal_erfgoed,,1754746135062249472,Bureau Aalbers en de Waal (Bandoeng),2013-11-25T09:39:23.115Z,,
"",Organization,,architectenbureau,2014-06-13T14:40:03.068Z,,,"{""pid"":""po:33""\,""type"":""Organization""\,""label"":""Architectenbureau I.B.A.""\,""datastream-ID"":[""OBJ""\,""TECHMD""\,""TN""\,""MEDIUM_SIZE""]\,""meta"":{""concept"":{""pid"":""aat:900027065""\,""$"":""architectenbureau""}\,""prefName"":""Architectenbureau I.B.A.""}\,""items"":{""Person"":[{""role"":""worked at""\,""pid"":""po:243""\,""label"":""Snuyf\, S.""\,""concept"":{""pid"":""aat:300024987""\,""$"":""architects""}}\,{""role"":""worked at""\,""pid"":""po:272""\,""label"":""Wiemans\, F.L.""\,""concept"":{""pid"":""aat:300024987""\,""$"":""architects""}}]}}",,po:33,,,po:33,Architectenbureau I.B.A.,collection:koloniaal_erfgoed,,1754742732867239936,Architectenbureau I.B.A.,2013-11-21T15:02:54.024Z,,
"",Organization,,"engineers,architectenbureau",2014-07-02T11:30:02.357Z,,,"{""pid"":""po:24""\,""type"":""Organization""\,""label"":""Algemeen Ingenieurs- en Architecten Bureau (Jakarta)""\,""datastream-ID"":[""OBJ""\,""TECHMD""\,""TN""\,""MEDIUM_SIZE""]\,""meta"":{""concept"":[{""pid"":""aat:300025063""\,""$"":""engineers""}\,{""pid"":""aat:900027065""\,""$"":""architectenbureau""}]\,""name"":[""A.I.A.""\,""A.I.A.-bureau\, Jakarta""]\,""place"":{""pid"":""gn:1642911""\,""$"":""Jakarta""}\,""prefName"":""Algemeen Ingenieurs- en Architecten Bureau (Jakarta)""}\,""items"":{""Building"":[{""role"":""has architect""\,""pid"":""bt:357""\,""label"":""Rathkamp & Co Apotheek Soerabaja""\,""place"":{""pid"":""gn:1642911""\,""$"":""Jakarta""}\,""date"":1930}\,{""role"":""has architect""\,""pid"":""bt:370""\,""label"":""Kantoorgebouw NILLMIJ Medan""\,""place"":{""pid"":""gn:1214520""\,""$"":""Medan""}}\,{""role"":""has architect""\,""pid"":""bt:376""\,""label"":""Nederlands-Indische Veeartsenschool""\,""place"":{""pid"":""gn:1648473""\,""$"":""Bogor""}}]\,""Image"":[{""role"":""has architect""\,""pid"":""uuid:004200d2-385c-4e6d-90e3-fdd7d147aa15""\,""label"":""Veeartsenschool (Afd. Anatomie en Fysiologie)\, Indonesië""\,""date"":1936}\,{""role"":""has architect""\,""pid"":""uuid:09ac08ca-22c5-4084-9fef-e777cfca7109""\,""label"":""Veeartsenschool (operatiekamer)\, Indonesië""\,""date"":1936}\,{""role"":""has architect""\,""pid"":""uuid:16bfc589-5732-4659-bd77-c53915327261""\,""label"":""Veeartsenschool (Afd. Veeteelt)\, Indonesië""\,""date"":1936}\,{""role"":""has architect""\,""pid"":""uuid:3fe2bcae-f271-41b4-90f1-2a7511027ce5""\,""label"":""Veeartsenschool (Afd. Infectiezieketen)\, Indonesië""\,""date"":1936}\,{""role"":""has architect""\,""pid"":""uuid:516ea326-452b-4fe0-842b-348121f058d2""\,""label"":""Luchtfoto van de Nederlands-Indische Veeartsenschool en het Theeproefstation\, Buitenzorg""}\,{""role"":""has architect""\,""pid"":""uuid:5a80376a-89dc-4a4a-b72c-951f0cd0912f""\,""label"":""Veeartsenijschool te Buitenzorg""\,""date"":""1900-1940""}\,{""role"":""has architect""\,""pid"":""uuid:743ec89b-8cf1-4dfa-827c-f397a0ddddd9""\,""label"":""Veeartsenschool (Lees- en vergaderzaal)\, Indonesië""\,""date"":1936}\,{""role"":""has architect""\,""pid"":""uuid:7ff664d9-ee7b-4427-bd4c-59cd93bdbb44""\,""label"":""Veeartsenijkundige school (Laboratorium)\, Indonesië""\,""date"":1936}\,{""role"":""has architect""\,""pid"":""uuid:a1609fd2-5a17-43fb-914c-f6b40e9708a9""\,""label"":""Veeartsenijkundige school (Pathologische Anatomie)\, Indonesië""\,""date"":1936}\,{""role"":""has architect""\,""pid"":""uuid:a77e6690-f483-401c-8918-a24cb53818d3""\,""label"":""Hondenhokken van het Veeartsenijkundig Laboratorium te Buitenzorg""\,""date"":""1900-1940""}\,{""role"":""has architect""\,""pid"":""uuid:a7c62c1b-c022-4f7d-a61a-59c7e79e723d""\,""label"":""Leeszaal van het Veeartsenijkundig Laboratorium te Buitenzorg""\,""date"":""1900-1940""}\,{""role"":""has architect""\,""pid"":""uuid:cb7a2fec-f2b2-4322-9fe7-208cc4497f1e""\,""label"":""Luchtfoto van Batavia met de Javasche Bank\, de Factorij van de NHM\, het spoorwegstation Kota en de Chinese wijk""\,""date"":""1933-1935""}\,{""role"":""has architect""\,""pid"":""uuid:cf5d81b0-5974-457a-9476-23d4443de36d""\,""label"":""Het veeartsenijkundig Laboratorium\, Buitenzorg""\,""date"":""1900-1940""}\,{""role"":""has architect""\,""pid"":""uuid:cfcb7e79-f5f8-4131-849a-2079da8d307a""\,""label"":""Het gebouw waarin de operatiekamer is gevestigd van de Veeartsenijschool""\,""date"":1936}]\,""Person"":[{""role"":""worked at""\,""pid"":""po:111""\,""label"":""Asselbergs\, F.B.H.""\,""concept"":{""pid"":""aat:300024987""\,""$"":""architects""}}\,{""role"":""worked at""\,""pid"":""po:132""\,""label"":""Burhoven Jaspers\, N.E.""\,""place"":{""pid"":""gn:1625822""\,""$"":""Surabaya""}\,""concept"":{""pid"":""aat:300024987""\,""$"":""architects""}}\,{""role"":""worked at""\,""pid"":""po:150""\,""label"":""Essen\, H. von""\,""place"":{""pid"":""gn:1625822""\,""$"":""Surabaya""}\,""concept"":{""pid"":""aat:300024987""\,""$"":""architects""}}\,{""role"":""worked at""\,""pid"":""po:156""\,""label"":""Ghijsels\, F.J.L.""\,""place"":{""pid"":""gn:7666512""\,""$"":""Tulung Agung""}\,""concept"":{""pid"":""aat:300024987""\,""$"":""architects""}}\,{""role"":""worked at""\,""pid"":""po:166""\,""label"":""Hes\, H.A.""\,""concept"":{""pid"":""aat:300024987""\,""$"":""architects""}}\,{""role"":""worked at""\,""pid"":""po:181""\,""label"":""Kok\, Th.""\,""concept"":{""pid"":""aat:300024987""\,""$"":""architects""}}]}}",Jakarta,po:24,"Jakarta,Jakarta",,po:24,Algemeen Ingenieurs- en Architecten Bureau (Jakarta),collection:koloniaal_erfgoed,,1754743425085734912,"A.I.A.,A.I.A.-bureau\, Jakarta,Algemeen Ingenieurs- en Architecten Bureau (Jakarta)",2013-11-20T14:20:21.270Z,,
"",Organization,,architectenbureau,2014-06-16T09:50:02.814Z,,,"{""pid"":""po:284""\,""type"":""Organization""\,""label"":""J.M. Groenewegen\\/bureau Associatie""\,""datastream-ID"":[""OBJ""\,""TECHMD""\,""TN""\,""MEDIUM_SIZE""]\,""meta"":{""concept"":{""pid"":""aat:900027065""\,""$"":""architectenbureau""}\,""name"":""J.M. Groenewegen\\/architectenbureau F. Silaban""\,""place"":{""pid"":""gn:1642911""\,""$"":""Jakarta""}\,""prefName"":""J.M. Groenewegen\\/bureau Associatie""}\,""items"":null}",Jakarta,po:284,"Jakarta,Jakarta",,po:284,J.M. Groenewegen/bureau Associatie,collection:koloniaal_erfgoed,,1754743425213661184,"J.M. Groenewegen/architectenbureau F. Silaban,J.M. Groenewegen/bureau Associatie",2014-06-16T09:48:37.149Z,,
"",Organization,,polytechnics,2014-09-04T15:58:32.398Z,,,"{""pid"":""po:72""\,""type"":""Organization""\,""label"":""Technische Hogeschool""\,""datastream-ID"":[""OBJ""\,""TECHMD""\,""TN""\,""MEDIUM_SIZE""]\,""meta"":{""concept"":{""pid"":""aat:300006616""\,""$"":""polytechnics""}\,""place"":{""pid"":""gn:1650357""\,""$"":""Bandung""}\,""prefName"":""Technische Hogeschool""}\,""items"":null}",Bandung,po:72,Bandung,,po:72,Technische Hogeschool,collection:koloniaal_erfgoed,,1754751830301081600,Technische Hogeschool,2013-11-26T09:40:43.581Z,,
"",Organization,,"contractors,architectenbureau",2014-06-16T11:20:02.587Z,,,"{""pid"":""po:287""\,""type"":""Organization""\,""label"":""Ooiman en Van Leeuwen aannemers-architecten""\,""datastream-ID"":[""OBJ""\,""TECHMD""\,""TN""\,""MEDIUM_SIZE""]\,""meta"":{""concept"":[{""pid"":""aat:300025052""\,""$"":""contractors""}\,{""pid"":""aat:900027065""\,""$"":""architectenbureau""}]\,""place"":{""pid"":""gn:1627896""\,""$"":""Semarang""}\,""prefName"":""Ooiman en Van Leeuwen aannemers-architecten""}\,""items"":null}",Semarang,po:287,Semarang,,po:287,Ooiman en Van Leeuwen aannemers-architecten,collection:koloniaal_erfgoed,,1754751911274217472,Ooiman en Van Leeuwen aannemers-architecten,2014-06-16T11:18:53.472Z,,
"",Organization,,architectenbureau,2014-06-16T10:00:05.598Z,,,"{""pid"":""po:43""\,""type"":""Organization""\,""label"":""Bureau van B.J. Ouëndag""\,""datastream-ID"":[""OBJ""\,""TECHMD""\,""TN""\,""MEDIUM_SIZE""]\,""meta"":{""concept"":{""pid"":""aat:900027065""\,""$"":""architectenbureau""}\,""name"":""Bureau van B.J. Quendag""\,""place"":{""pid"":""gn:2759794""\,""$"":""Amsterdam""}\,""prefName"":""Bureau van B.J. Ouëndag""}\,""items"":{""Person"":[{""role"":""worked at""\,""pid"":""po:135""\,""label"":""Citroen\, C.""\,""place"":{""pid"":""gn:2759794""\,""$"":""Amsterdam""}\,""concept"":{""pid"":""aat:300024987""\,""$"":""architects""}}\,{""role"":""worked at""\,""pid"":""po:178""\,""label"":""Klinkhamer\, J.F.""\,""place"":{""pid"":""gn:2759794""\,""$"":""Amsterdam""}\,""concept"":{""pid"":""aat:300024987""\,""$"":""architects""}}\,{""role"":""worked at""\,""pid"":""po:190""\,""label"":""Liem\, B.T.""\,""place"":{""pid"":""gn:1627896""\,""$"":""Semarang""}\,""concept"":{""pid"":""aat:300024987""\,""$"":""architects""}}]}}",Amsterdam,po:43,Amsterdam,,po:43,Bureau van B.J. Ouëndag,collection:koloniaal_erfgoed,,1754752068629823488,"Bureau van B.J. Quendag,Bureau van B.J. Ouëndag",2013-11-25T09:42:26.997Z,,
"",Organization,,architectenbureau,2014-06-13T14:30:02.576Z,,,"{""pid"":""po:53""\,""type"":""Organization""\,""label"":""Architectenbureau Ed. Cuypers en Hulswit te Weltevreden""\,""datastream-ID"":[""OBJ""\,""TECHMD""\,""TN""\,""MEDIUM_SIZE""]\,""meta"":{""concept"":{""pid"":""aat:900027065""\,""$"":""architectenbureau""}\,""name"":""Architectenbureau Hulswit te Weltevreden & Ed. Cuypers te Amsterdam""\,""place"":{""pid"":""gn:1642911""\,""$"":""Jakarta""}\,""prefName"":""Architectenbureau Ed. Cuypers en Hulswit te Weltevreden""}\,""items"":{""Person"":[{""role"":""worked at""\,""pid"":""po:137""\,""label"":""Cuypers\, E.H.G.H.""\,""place"":{""pid"":""gn:2748000""\,""$"":""Roermond""}\,""concept"":{""pid"":""aat:300024987""\,""$"":""architects""}}\,{""role"":""worked at""\,""pid"":""po:172""\,""label"":""Hulswit\, M.J.""\,""place"":{""pid"":""gn:2759794""\,""$"":""Amsterdam""}\,""concept"":{""pid"":""aat:300024987""\,""$"":""architects""}}]}}",Jakarta,po:53,"Jakarta,Jakarta",,po:53,Architectenbureau Ed. Cuypers en Hulswit te Weltevreden,collection:koloniaal_erfgoed,,1754752431655223296,"Architectenbureau Hulswit te Weltevreden & Ed. Cuypers te Amsterdam,Architectenbureau Ed. Cuypers en Hulswit te Weltevreden",2013-11-25T11:33:24.109Z,,
"",Organization,,"engineers,architectenbureau",2014-07-16T16:15:04.604Z,,,"{""pid"":""po:59""\,""type"":""Organization""\,""label"":""N.V. Architecten-Ingenieursbureau Hulswit en Fermont te Weltevreden en Ed. Cuypers te Amsterdam""\,""datastream-ID"":[""OBJ""\,""TECHMD""\,""TN""\,""MEDIUM_SIZE""]\,""meta"":{""concept"":[{""pid"":""aat:300025063""\,""$"":""engineers""}\,{""pid"":""aat:900027065""\,""$"":""architectenbureau""}]\,""name"":""N.V. Architecten en Ingenieursbureau Hulswit en Fermont te Weltevreden en Ed. Cuypers te Amsterdam""\,""place"":{""pid"":""gn:2759794""\,""$"":""Amsterdam""}\,""prefName"":""N.V. Architecten-Ingenieursbureau Hulswit en Fermont te Weltevreden en Ed. Cuypers te Amsterdam""}\,""items"":{""Book"":{""role"":""has architect""\,""pid"":""uuid:52d3c733-7c13-49a6-be8d-f947a82f0a4b""\,""label"":""Het nieuwe kantoorgebouw der Handelsvereeniging \\""Amsterdam\\"" aan het Komedieplein te Soerabaia gebouwd in de jaren 1921-1925""\,""date"":1925}\,""Building"":[{""role"":""has architect""\,""pid"":""bt:349""\,""label"":""Bankgebouw Chartered Bank of India\, Australia & China Batavia""\,""place"":{""pid"":""gn:1642911""\,""$"":""Jakarta""}\,""date"":1920}\,{""role"":""has architect""\,""pid"":""bt:350""\,""label"":""Bankgebouw Javasche Bank Bandjermasin""\,""place"":{""pid"":""gn:1650213""\,""$"":""Banjarmasin""}}\,{""role"":""has architect""\,""pid"":""bt:351""\,""label"":""Bankgebouw Javasche Bank Soerabaja""\,""place"":{""pid"":""gn:1625822""\,""$"":""Surabaya""}}\,{""role"":""has architect""\,""pid"":""bt:354""\,""label"":""Bankgebouw Javasche Bank Bandoeng""\,""place"":{""pid"":""gn:1650357""\,""$"":""Bandung""}}\,{""role"":""has architect""\,""pid"":""bt:356""\,""label"":""Rathkamp & Co Apotheek Batavia""\,""place"":{""pid"":""gn:1642911""\,""$"":""Jakarta""}\,""date"":1913}\,{""role"":""has architect""\,""pid"":""bt:362""\,""label"":""Kantoorgebouw WEVA Batavia""\,""place"":{""pid"":""gn:1642911""\,""$"":""Jakarta""}\,""date"":1920}\,{""role"":""has architect""\,""pid"":""bt:367""\,""label"":""Kantoorgebouw ESCOMPTO Medan""\,""place"":{""pid"":""gn:1214520""\,""$"":""Medan""}}\,{""role"":""has architect""\,""pid"":""bt:368""\,""label"":""Kantoorgebouw ESCOMPTO Batavia""\,""place"":{""pid"":""gn:1642911""\,""$"":""Jakarta""}\,""date"":1920}\,{""role"":""has architect""\,""pid"":""bt:369""\,""label"":""Kantoorgebouw ESCOMPTO Weltevreden""\,""place"":{""pid"":""gn:1642911""\,""$"":""Jakarta""}\,""date"":1934}\,{""role"":""has architect""\,""pid"":""bt:371""\,""label"":""Kantoorgebouw INTERNATIO Batavia""\,""place"":{""pid"":""gn:1642911""\,""$"":""Jakarta""}\,""date"":1921}\,{""role"":""has architect""\,""pid"":""bt:372""\,""label"":""Kantoorgebouw Firma Lindeteves-Stokvis Soerabaja""\,""date"":1930}\,{""role"":""has architect""\,""pid"":""bt:373""\,""label"":""Kantoorgebouw NHM Medan""\,""place"":{""pid"":""gn:1214520""\,""$"":""Medan""}\,""date"":1930}\,{""role"":""has architect""\,""pid"":""bt:375""\,""label"":""Kantoorgebouw NHM Weltevreden""\,""place"":{""pid"":""gn:1642911""\,""$"":""Jakarta""}}\,{""role"":""has architect""\,""pid"":""bt:409""\,""label"":""Bankgebouw Javasche Bank Padang""\,""place"":{""pid"":""gn:1633419""\,""$"":""Padang""}}\,{""role"":""has architect""\,""pid"":""bt:494""\,""label"":""HBS Bandoeng""\,""place"":{""pid"":""gn:1650357""\,""$"":""Bandung""}}]\,""Image"":[{""role"":""has architect""\,""pid"":""uuid:6a5946d4-0843-411e-b964-cc46c7faa277""\,""label"":""Batavia (Oude stad)\, luchtfoto van het stadhuis en omgeving""\,""date"":""1900-1940""}\,{""role"":""has architect""\,""pid"":""uuid:7fbcfdd8-6973-4a01-82bf-3f9a71b003f1""\,""label"":""Auto's passeren elkaar voor het kantoor van Rathkamp & Co Apothekers in de Rijswijkstraat\, Batavia""\,""date"":""ca.""}\,{""role"":""has architect""\,""pid"":""uuid:cb7a2fec-f2b2-4322-9fe7-208cc4497f1e""\,""label"":""Luchtfoto van Batavia met de Javasche Bank\, de Factorij van de NHM\, het spoorwegstation Kota en de Chinese wijk""\,""date"":""1933-1935""}]\,""Person"":[{""role"":""worked at""\,""pid"":""po:130""\,""label"":""Bruyn\, J. de""\,""concept"":{""pid"":""aat:300024987""\,""$"":""architects""}}\,{""role"":""worked at""\,""pid"":""po:137""\,""label"":""Cuypers\, E.H.G.H.""\,""place"":{""pid"":""gn:2748000""\,""$"":""Roermond""}\,""concept"":{""pid"":""aat:300024987""\,""$"":""architects""}}\,{""role"":""worked at""\,""pid"":""po:152""\,""label"":""Fermont\, A.A.""\,""concept"":{""pid"":""aat:300024987""\,""$"":""architects""}}]}}",Amsterdam,po:59,Amsterdam,,po:59,N.V. Architecten-Ingenieursbureau Hulswit en Fermont te Weltevreden en Ed. Cuypers te Amsterdam,collection:koloniaal_erfgoed,,1754754819211395072,"N.V. Architecten en Ingenieursbureau Hulswit en Fermont te Weltevreden en Ed. Cuypers te Amsterdam,N.V. Architecten-Ingenieursbureau Hulswit en Fermont te Weltevreden en Ed. Cuypers te Amsterdam",2013-11-25T13:38:56.646Z,,
"",Organization,,contractors,2014-06-16T11:30:03.412Z,,,"{""pid"":""po:90""\,""type"":""Organization""\,""label"":""Semarangsche aannemingsmij (filiaal Surabaya)""\,""datastream-ID"":[""OBJ""\,""TECHMD""\,""TN""\,""MEDIUM_SIZE""]\,""meta"":{""concept"":{""pid"":""aat:300025052""\,""$"":""contractors""}\,""place"":{""pid"":""gn:1625822""\,""$"":""Surabaya""}\,""prefName"":""Semarangsche aannemingsmij (filiaal Surabaya)""}\,""items"":{""Person"":{""role"":""worked at""\,""pid"":""po:247""\,""label"":""Steenstra Toussaint\, D.J.""\,""concept"":{""pid"":""aat:300024987""\,""$"":""architects""}}}}",Surabaya,po:90,Surabaya,,po:90,Semarangsche aannemingsmij (filiaal Surabaya),collection:koloniaal_erfgoed,,1754756367027011584,Semarangsche aannemingsmij (filiaal Surabaya),2013-11-27T13:52:32.678Z,,
"",Organization,,schools (organizations),2014-06-16T14:20:03.100Z,,,"{""pid"":""po:75""\,""type"":""Organization""\,""label"":""Technische school Doetinchem""\,""datastream-ID"":[""OBJ""\,""TECHMD""\,""TN""\,""MEDIUM_SIZE""]\,""meta"":{""concept"":{""pid"":""aat:300266108""\,""$"":""schools (organizations)""}\,""place"":{""pid"":""gn:2756767""\,""$"":""Doetinchem""}\,""prefName"":""Technische school Doetinchem""}\,""items"":{""Person"":{""role"":""student at""\,""pid"":""po:116""\,""label"":""Bel\, G.J.""\,""place"":{""pid"":""gn:2743963""\,""$"":""Zelhem""}\,""concept"":{""pid"":""aat:300024987""\,""$"":""architects""}}}}",Doetinchem,po:75,Doetinchem,,po:75,Technische school Doetinchem,collection:koloniaal_erfgoed,,1754757117056647168,Technische school Doetinchem,2013-11-26T09:44:40.113Z,,
"",Organization,,"polytechnics,universities",2014-08-22T13:10:02.901Z,,,"{""pid"":""po:79""\,""type"":""Organization""\,""label"":""Technische Hogeschool Bandung""\,""datastream-ID"":[""OBJ""\,""TECHMD""\,""TN""\,""MEDIUM_SIZE""]\,""meta"":{""concept"":[{""pid"":""aat:300006616""\,""$"":""polytechnics""}\,{""pid"":""aat:300006617""\,""$"":""universities""}]\,""name"":""Technical College of Bandung""\,""place"":{""pid"":""gn:1650357""\,""$"":""Bandung""}\,""prefName"":""Technische Hogeschool Bandung""}\,""items"":{""Person"":[{""role"":""student at""\,""pid"":""po:110""\,""label"":""Anwari""\,""concept"":{""pid"":""aat:300024987""\,""$"":""architects""}}\,{""role"":""student at""\,""pid"":""po:114""\,""label"":""Baumgartner\, R.""\,""concept"":{""pid"":""aat:300024987""\,""$"":""architects""}}\,{""role"":""student at""\,""pid"":""po:147""\,""label"":""Eb\, W.J. van der""\,""concept"":{""pid"":""aat:300024987""\,""$"":""architects""}}\,{""role"":""student at""\,""pid"":""po:165""\,""label"":""Hendriks\, G.""\,""place"":{""pid"":""gn:2753106""\,""$"":""Kampen""}\,""concept"":{""pid"":""aat:300024987""\,""$"":""architects""}}\,{""role"":""student at""\,""pid"":""po:170""\,""label"":""Horn\, H.F.""\,""concept"":{""pid"":""aat:300024987""\,""$"":""architects""}}\,{""role"":""student at""\,""pid"":""po:174""\,""label"":""Jiskoot\, J.J.""\,""concept"":{""pid"":""aat:300024987""\,""$"":""architects""}}\,{""role"":""student at""\,""pid"":""po:181""\,""label"":""Kok\, Th.""\,""concept"":{""pid"":""aat:300024987""\,""$"":""architects""}}\,{""role"":""student at""\,""pid"":""po:186""\,""label"":""Kühr\, E.""\,""concept"":{""pid"":""aat:300024987""\,""$"":""architects""}}\,{""role"":""student at""\,""pid"":""po:213""\,""label"":""Nix\, C.T.""\,""place"":{""pid"":""gn:1650357""\,""$"":""Bandung""}\,""concept"":{""pid"":""aat:300024987""\,""$"":""architects""}}\,{""role"":""student at""\,""pid"":""po:232""\,""label"":""Roosseno\, R.""\,""concept"":{""pid"":""aat:300024987""\,""$"":""architects""}}\,{""role"":""worked at""\,""pid"":""po:238""\,""label"":""Schoemaker\, R.L.A.""\,""place"":{""pid"":""gn:2748000""\,""$"":""Roermond""}\,""concept"":{""pid"":""aat:300024987""\,""$"":""architects""}}\,{""role"":""student at""\,""pid"":""po:251""\,""label"":""Sukarno\, A.""\,""place"":{""pid"":""gn:1625822""\,""$"":""Surabaya""}\,""concept"":{""pid"":""aat:300024987""\,""$"":""architects""}}\,{""role"":""student at""\,""pid"":""po:253""\,""label"":""Thijsse\, J.P.""\,""place"":{""pid"":""gn:2759794""\,""$"":""Amsterdam""}\,""concept"":{""pid"":""aat:300024987""\,""$"":""architects""}}\,{""role"":""student at""\,""pid"":""po:255""\,""label"":""Tijen\, W. van""\,""place"":{""pid"":""gn:2744171""\,""$"":""Wormerveer""}\,""concept"":{""pid"":""aat:300024987""\,""$"":""architects""}}\,{""role"":""student at""\,""pid"":""po:265""\,""label"":""Vrijburg\, G.S.""\,""concept"":{""pid"":""aat:300024987""\,""$"":""architects""}}]}}",Bandung,po:79,Bandung,,po:79,Technische Hogeschool Bandung,collection:koloniaal_erfgoed,,1754756915724812288,"Technical College of Bandung,Technische Hogeschool Bandung",2013-11-26T09:50:08.400Z,,
"",Organization,,architectenbureau,2014-06-16T10:00:05.723Z,,,"{""pid"":""po:44""\,""type"":""Organization""\,""label"":""Bureau van Posthumus Meyes""\,""datastream-ID"":[""OBJ""\,""TECHMD""\,""TN""\,""MEDIUM_SIZE""]\,""meta"":{""concept"":{""pid"":""aat:900027065""\,""$"":""architectenbureau""}\,""place"":{""pid"":""gn:2759794""\,""$"":""Amsterdam""}\,""prefName"":""Bureau van Posthumus Meyes""}\,""items"":{""Person"":{""role"":""worked at""\,""pid"":""po:198""\,""label"":""Maclaine Pont\, H.""\,""place"":{""pid"":""gn:1642911""\,""$"":""Jakarta""}\,""concept"":{""pid"":""aat:300024987""\,""$"":""architects""}}}}",Amsterdam,po:44,Amsterdam,,po:44,Bureau van Posthumus Meyes,collection:koloniaal_erfgoed,,1754757242078363648,Bureau van Posthumus Meyes,2013-11-25T09:43:36.056Z,,
"",Organization,,"academies (organizations),schools (organizations)",2014-06-16T12:20:02.474Z,,,"{""pid"":""po:63""\,""type"":""Organization""\,""label"":""Academie van Beeldende Kunsten""\,""datastream-ID"":[""OBJ""\,""TECHMD""\,""TN""\,""MEDIUM_SIZE""]\,""meta"":{""concept"":[{""pid"":""aat:300007089""\,""$"":""academies (organizations)""}\,{""pid"":""aat:300266108""\,""$"":""schools (organizations)""}]\,""place"":{""pid"":""gn:2755251""\,""$"":""Groningen""}\,""prefName"":""Academie van Beeldende Kunsten""}\,""items"":{""Person"":{""role"":""student at""\,""pid"":""po:165""\,""label"":""Hendriks\, G.""\,""place"":{""pid"":""gn:2753106""\,""$"":""Kampen""}\,""concept"":{""pid"":""aat:300024987""\,""$"":""architects""}}}}",Groningen,po:63,Groningen,,po:63,Academie van Beeldende Kunsten,collection:koloniaal_erfgoed,,1754757307805204480,Academie van Beeldende Kunsten,2013-11-25T14:10:29.511Z,,
"",Organization,,"academies (organizations),schools (organizations)",2014-08-20T14:10:01.856Z,,,"{""pid"":""po:1""\,""type"":""Organization""\,""label"":""Koninklijke Militaire Academie""\,""datastream-ID"":[""OBJ""\,""TECHMD""\,""TN""\,""MEDIUM_SIZE""]\,""meta"":{""concept"":[{""pid"":""aat:300007089""\,""$"":""academies (organizations)""}\,{""pid"":""aat:300266108""\,""$"":""schools (organizations)""}]\,""name"":[""KMA""\,""Royal Military Academy""]\,""place"":{""pid"":""gn:2758401""\,""$"":""Breda""}\,""prefName"":""Koninklijke Militaire Academie""}\,""items"":{""Person"":[{""role"":""student at""\,""pid"":""po:238""\,""label"":""Schoemaker\, R.L.A.""\,""place"":{""pid"":""gn:2748000""\,""$"":""Roermond""}\,""concept"":{""pid"":""aat:300024987""\,""$"":""architects""}}\,{""role"":""student at""\,""pid"":""po:274""\,""label"":""Wolff Schoemaker\, C.P.""\,""place"":{""pid"":""gn:1650102""\,""$"":""Banyubiru""}\,""concept"":{""pid"":""aat:300024987""\,""$"":""architects""}}\,{""role"":""student at""\,""pid"":""po:277""\,""label"":""Dudok\, W.M.""\,""place"":{""pid"":""gn:2759794""\,""$"":""Amsterdam""}\,""concept"":{""pid"":""aat:300024987""\,""$"":""architects""}}]}}",Breda,po:1,"Breda,Bréda",,po:1,Koninklijke Militaire Academie,collection:koloniaal_erfgoed,,1754753163549736960,"KMA,Royal Military Academy,Koninklijke Militaire Academie",2013-10-23T14:10:27.412Z,,
"",Organization,,engineers,2014-06-16T10:00:06.200Z,,,"{""pid"":""po:84""\,""type"":""Organization""\,""label"":""Ingenieursbureau F.H. Bakker""\,""datastream-ID"":[""OBJ""\,""TECHMD""\,""TN""\,""MEDIUM_SIZE""]\,""meta"":{""concept"":{""pid"":""aat:300025063""\,""$"":""engineers""}\,""prefName"":""Ingenieursbureau F.H. Bakker""}\,""items"":{""Person"":{""role"":""worked at""\,""pid"":""po:112""\,""label"":""Bakker\, F.H.""\,""concept"":{""pid"":""aat:300024987""\,""$"":""architects""}}}}",,po:84,,,po:84,Ingenieursbureau F.H. Bakker,collection:koloniaal_erfgoed,,1754755210440343552,Ingenieursbureau F.H. Bakker,2013-11-27T13:37:37.123Z,,
"",Organization,,"academies (organizations),schools (organizations)",2014-06-16T12:20:02.614Z,,,"{""pid"":""po:64""\,""type"":""Organization""\,""label"":""Academie van Bouwkunst""\,""datastream-ID"":[""OBJ""\,""TECHMD""\,""TN""\,""MEDIUM_SIZE""]\,""meta"":{""concept"":[{""pid"":""aat:300007089""\,""$"":""academies (organizations)""}\,{""pid"":""aat:300266108""\,""$"":""schools (organizations)""}]\,""place"":{""pid"":""gn:2759794""\,""$"":""Amsterdam""}\,""prefName"":""Academie van Bouwkunst""}\,""items"":null}",Amsterdam,po:64,Amsterdam,,po:64,Academie van Bouwkunst,collection:koloniaal_erfgoed,,1754753351328727040,Academie van Bouwkunst,2013-11-25T14:11:48.944Z,,
"",Organization,,engineers,2014-06-16T11:20:02.841Z,,,"{""pid"":""po:95""\,""type"":""Organization""\,""label"":""Ingenieursbureau Selle en de Bruyn""\,""datastream-ID"":[""OBJ""\,""TECHMD""\,""TN""\,""MEDIUM_SIZE""]\,""meta"":{""concept"":{""pid"":""aat:300025063""\,""$"":""engineers""}\,""name"":""Ingenieurs- en aannemingsbedrijf Selle & De Bruyn""\,""place"":{""pid"":""gn:1642911""\,""$"":""Jakarta""}\,""prefName"":""Ingenieursbureau Selle en de Bruyn""}\,""items"":{""Person"":[{""role"":""worked at""\,""pid"":""po:131""\,""label"":""Bruyn\, de""\,""concept"":{""pid"":""aat:300024987""\,""$"":""architects""}}\,{""role"":""worked at""\,""pid"":""po:239""\,""label"":""Schouten\, A.""\,""concept"":{""pid"":""aat:300024987""\,""$"":""architects""}}\,{""role"":""worked at""\,""pid"":""po:240""\,""label"":""Selle\, W.""\,""concept"":{""pid"":""aat:300024987""\,""$"":""architects""}}]}}",Jakarta,po:95,"Jakarta,Jakarta",,po:95,Ingenieursbureau Selle en de Bruyn,collection:koloniaal_erfgoed,,1754753237015068672,"Ingenieurs- en aannemingsbedrijf Selle & De Bruyn,Ingenieursbureau Selle en de Bruyn",2013-11-27T14:06:17.668Z,,
"",Organization,,engineers,2014-06-16T10:00:06.308Z,,,"{""pid"":""po:86""\,""type"":""Organization""\,""label"":""Ingenieursmij. Eigen Beheer""\,""datastream-ID"":[""OBJ""\,""TECHMD""\,""TN""\,""MEDIUM_SIZE""]\,""meta"":{""concept"":{""pid"":""aat:300025063""\,""$"":""engineers""}\,""place"":{""pid"":""gn:1646170""\,""$"":""Cirebon""}\,""prefName"":""Ingenieursmij. Eigen Beheer""}\,""items"":{""Person"":{""role"":""worked at""\,""pid"":""po:255""\,""label"":""Tijen\, W. van""\,""place"":{""pid"":""gn:2744171""\,""$"":""Wormerveer""}\,""concept"":{""pid"":""aat:300024987""\,""$"":""architects""}}}}",Cirebon,po:86,Cirebon,,po:86,Ingenieursmij. Eigen Beheer,collection:koloniaal_erfgoed,,1754755279035039744,Ingenieursmij. Eigen Beheer,2013-11-27T13:44:46.728Z,,
"",Organization,,"engineers,architectenbureau",2014-06-13T14:10:04.412Z,,,"{""pid"":""po:25""\,""type"":""Organization""\,""label"":""Algemeen Ingenieurs- en Architecten Bureau (Jakarta)""\,""datastream-ID"":[""OBJ""\,""TECHMD""\,""TN""\,""MEDIUM_SIZE""]\,""meta"":{""concept"":[{""pid"":""aat:300025063""\,""$"":""engineers""}\,{""pid"":""aat:900027065""\,""$"":""architectenbureau""}]\,""name"":[""AIA""\,""A.I.A.""]\,""place"":{""pid"":""gn:1625822""\,""$"":""Surabaya""}\,""prefName"":""Algemeen Ingenieurs- en Architecten Bureau (Jakarta)""}\,""items"":{""Building"":{""role"":""has architect""\,""pid"":""bt:104""\,""label"":""Kantoorgebouw Koninklijk Paketvaart Maatschappij""\,""place"":{""pid"":""gn:1642911""\,""$"":""Jakarta""}\,""date"":1916}}}",Surabaya,po:25,Surabaya,,po:25,Algemeen Ingenieurs- en Architecten Bureau (Jakarta),collection:koloniaal_erfgoed,,1754755765250293760,"AIA,A.I.A.,Algemeen Ingenieurs- en Architecten Bureau (Jakarta)",2013-11-20T14:22:14.611Z,,
"",Organization,,"contractors,engineers,architectenbureau",2014-06-13T14:20:02.909Z,,,"{""pid"":""po:50""\,""type"":""Organization""\,""label"":""Architecten\, Ingenieurs en Aannemersbedrijf Associatie Selle en de Bruyn\, Reyerse en de Vries N.V.""\,""datastream-ID"":[""OBJ""\,""TECHMD""\,""TN""\,""MEDIUM_SIZE""]\,""meta"":{""concept"":[{""pid"":""aat:300025052""\,""$"":""contractors""}\,{""pid"":""aat:300025063""\,""$"":""engineers""}\,{""pid"":""aat:900027065""\,""$"":""architectenbureau""}]\,""name"":[""Ass. Selle & De Bruyn Reyerse & De Vries\, Batavia""\,""Ingenieurs-en aannemingsbedrijf de Associatie Selle & De Bruyn\, Reyerse & De Vries""\,""Ingenieursbureau en Aannemingsbedrijf Ass. Reyerse de Vries & Selle de Bruyn""\,""Ingenieursbureau en Aannemingsbedrijf Reyerse de Vries & Selle de Bruyn""\,""Architecten-Ingenicure-en Annnemersbedrijf Associatie Selle en de Bruyn\, Reyerse en de Vries N.V.""]\,""place"":{""pid"":""gn:1642911""\,""$"":""Jakarta""}\,""prefName"":""Architecten\, Ingenieurs en Aannemersbedrijf Associatie Selle en de Bruyn\, Reyerse en de Vries N.V.""}\,""items"":{""Person"":[{""role"":""worked at""\,""pid"":""po:131""\,""label"":""Bruyn\, de""\,""concept"":{""pid"":""aat:300024987""\,""$"":""architects""}}\,{""role"":""worked at""\,""pid"":""po:160""\,""label"":""Groenewegen\, J.M.""\,""place"":{""pid"":""gn:2747373""\,""$"":""The Hague""}\,""concept"":{""pid"":""aat:300024987""\,""$"":""architects""}}\,{""role"":""worked at""\,""pid"":""po:174""\,""label"":""Jiskoot\, J.J.""\,""concept"":{""pid"":""aat:300024987""\,""$"":""architects""}}\,{""role"":""worked at""\,""pid"":""po:226""\,""label"":""Reyerse""\,""concept"":{""pid"":""aat:300024987""\,""$"":""architects""}}\,{""role"":""worked at""\,""pid"":""po:239""\,""label"":""Schouten\, A.""\,""concept"":{""pid"":""aat:300024987""\,""$"":""architects""}}\,{""role"":""worked at""\,""pid"":""po:240""\,""label"":""Selle\, W.""\,""concept"":{""pid"":""aat:300024987""\,""$"":""architects""}}]}}",Jakarta,po:50,"Jakarta,Jakarta",,po:50,"Architecten, Ingenieurs en Aannemersbedrijf Associatie Selle en de Bruyn, Reyerse en de Vries N.V.",collection:koloniaal_erfgoed,,1754757860149952512,"Ass. Selle & De Bruyn Reyerse & De Vries\, Batavia,Ingenieurs-en aannemingsbedrijf de Associatie Selle & De Bruyn\, Reyerse & De Vries,Ingenieursbureau en Aannemingsbedrijf Ass. Reyerse de Vries & Selle de Bruyn,Ingenieursbureau en Aannemingsbedrijf Reyerse de Vries & Selle de Bruyn,Architecten-Ingenicure-en Annnemersbedrijf Associatie Selle en de Bruyn\, Reyerse en de Vries N.V.,Architecten\, Ingenieurs en Aannemersbedrijf Associatie Selle en de Bruyn\, Reyerse en de Vries N.V.",2013-11-25T10:30:34.209Z,,
"",Organization,,architectenbureau,2014-08-22T12:20:02.893Z,,,"{""pid"":""po:283""\,""type"":""Organization""\,""label"":""Architectenbureau Henri Estourgie""\,""datastream-ID"":[""OBJ""\,""TECHMD""\,""TN""\,""MEDIUM_SIZE""]\,""meta"":{""concept"":{""pid"":""aat:900027065""\,""$"":""architectenbureau""}\,""place"":{""pid"":""gn:1625822""\,""$"":""Surabaya""}\,""prefName"":""Architectenbureau Henri Estourgie""}\,""items"":{""Building"":[{""role"":""has architect""\,""pid"":""bt:398""\,""label"":""Kathedraal Malang""\,""place"":{""pid"":""gn:1636722""\,""$"":""Malang""}}\,{""role"":""has architect""\,""pid"":""bt:400""\,""label"":""Klooster Zusters Ursulinen Soerabaja""\,""place"":{""pid"":""gn:1625822""\,""$"":""Surabaya""}}]\,""Image"":{""role"":""has architect""\,""pid"":""uuid:8083b0fa-6b3c-49d9-83fb-f95cac2b9ee4""\,""label"":""Interieur R.K.Kerk te Malang""\,""date"":1937}}}",Surabaya,po:283,Surabaya,,po:283,Architectenbureau Henri Estourgie,collection:koloniaal_erfgoed,,1754757788090761216,Architectenbureau Henri Estourgie,2014-06-13T14:34:19.409Z,,
"",Organization,,"academies (organizations),schools (organizations)",2014-06-16T12:10:02.083Z,,,"{""pid"":""po:62""\,""type"":""Organization""\,""label"":""Academie voor Beeldende Kunsten""\,""datastream-ID"":[""OBJ""\,""TECHMD""\,""TN""\,""MEDIUM_SIZE""]\,""meta"":{""concept"":[{""pid"":""aat:300007089""\,""$"":""academies (organizations)""}\,{""pid"":""aat:300266108""\,""$"":""schools (organizations)""}]\,""place"":{""pid"":""gn:2747373""\,""$"":""The Hague""}\,""prefName"":""Academie voor Beeldende Kunsten""}\,""items"":{""Person"":{""role"":""student at""\,""pid"":""po:160""\,""label"":""Groenewegen\, J.M.""\,""place"":{""pid"":""gn:2747373""\,""$"":""The Hague""}\,""concept"":{""pid"":""aat:300024987""\,""$"":""architects""}}}}",The Hague,po:62,"The Hague,Den Haag,The Hague",,po:62,Academie voor Beeldende Kunsten,collection:koloniaal_erfgoed,,1754757788166258688,Academie voor Beeldende Kunsten,2013-11-25T14:08:43.689Z,,
"",Organization,,"engineers,architectenbureau",2014-06-13T14:30:02.308Z,,,"{""pid"":""po:26""\,""type"":""Organization""\,""label"":""Architecten- en Ingenieursbureau Bel\, Piso en Kok""\,""datastream-ID"":[""OBJ""\,""TECHMD""\,""TN""\,""MEDIUM_SIZE""]\,""meta"":{""concept"":[{""pid"":""aat:300025063""\,""$"":""engineers""}\,{""pid"":""aat:900027065""\,""$"":""architectenbureau""}]\,""place"":{""pid"":""gn:1650357""\,""$"":""Bandung""}\,""prefName"":""Architecten- en Ingenieursbureau Bel\, Piso en Kok""}\,""items"":{""Person"":[{""role"":""worked at""\,""pid"":""po:116""\,""label"":""Bel\, G.J.""\,""place"":{""pid"":""gn:2743963""\,""$"":""Zelhem""}\,""concept"":{""pid"":""aat:300024987""\,""$"":""architects""}}\,{""role"":""worked at""\,""pid"":""po:181""\,""label"":""Kok\, Th.""\,""concept"":{""pid"":""aat:300024987""\,""$"":""architects""}}\,{""role"":""worked at""\,""pid"":""po:221""\,""label"":""Piso\, J.C.J.""\,""concept"":{""pid"":""aat:300024987""\,""$"":""architects""}}]}}",Bandung,po:26,Bandung,,po:26,"Architecten- en Ingenieursbureau Bel, Piso en Kok",collection:koloniaal_erfgoed,,1754758489911066624,"Architecten- en Ingenieursbureau Bel\, Piso en Kok",2013-11-21T14:17:36.165Z,,
"",Organization,,engineers,2014-06-16T10:00:06.075Z,,,"{""pid"":""po:83""\,""type"":""Organization""\,""label"":""Bureau Wiemans\, Abell en Pichel""\,""datastream-ID"":[""OBJ""\,""TECHMD""\,""TN""\,""MEDIUM_SIZE""]\,""meta"":{""concept"":{""pid"":""aat:300025063""\,""$"":""engineers""}\,""place"":{""pid"":""gn:1642911""\,""$"":""Jakarta""}\,""prefName"":""Bureau Wiemans\, Abell en Pichel""}\,""items"":{""Person"":[{""role"":""worked at""\,""pid"":""po:104""\,""label"":""Abell\, J.""}\,{""role"":""worked at""\,""pid"":""po:219""\,""label"":""Pichel\, W.F.""\,""concept"":{""pid"":""aat:300024987""\,""$"":""architects""}}\,{""role"":""worked at""\,""pid"":""po:272""\,""label"":""Wiemans\, F.L.""\,""concept"":{""pid"":""aat:300024987""\,""$"":""architects""}}]}}",Jakarta,po:83,"Jakarta,Jakarta",,po:83,"Bureau Wiemans, Abell en Pichel",collection:koloniaal_erfgoed,,1754759524458168320,"Bureau Wiemans\, Abell en Pichel",2013-11-27T13:31:21.434Z,,
"",Organization,,"academies (organizations),schools (organizations)",2014-06-16T12:20:03.002Z,,,"{""pid"":""po:80""\,""type"":""Organization""\,""label"":""Academie voor Schone Kunsten""\,""datastream-ID"":[""OBJ""\,""TECHMD""\,""TN""\,""MEDIUM_SIZE""]\,""meta"":{""concept"":[{""pid"":""aat:300007089""\,""$"":""academies (organizations)""}\,{""pid"":""aat:300266108""\,""$"":""schools (organizations)""}]\,""place"":{""pid"":""gn:2803138""\,""$"":""Antwerp""}\,""prefName"":""Academie voor Schone Kunsten""}\,""items"":{""Person"":{""role"":""student at""\,""pid"":""po:205""\,""label"":""Moojen\, P.A.J.""\,""place"":{""pid"":""gn:2752638""\,""$"":""Kloetinge""}\,""concept"":{""pid"":""aat:300024987""\,""$"":""architects""}}}}",Antwerp,po:80,"Antwerp,Antwerp",,po:80,Academie voor Schone Kunsten,collection:koloniaal_erfgoed,,1754759740269789184,Academie voor Schone Kunsten,2013-11-27T08:40:57.181Z,,
"",Organization,,"engineers,architectenbureau",2014-06-13T14:30:02.811Z,,,"{""pid"":""po:56""\,""type"":""Organization""\,""label"":""Fermont-Cuypers\, Semarang en Bandung""\,""datastream-ID"":[""OBJ""\,""TECHMD""\,""TN""\,""MEDIUM_SIZE""]\,""meta"":{""concept"":[{""pid"":""aat:300025063""\,""$"":""engineers""}\,{""pid"":""aat:900027065""\,""$"":""architectenbureau""}]\,""place"":{""pid"":""gn:1650357""\,""$"":""Bandung""}\,""prefName"":""Fermont-Cuypers\, Semarang en Bandung""}\,""items"":{""Person"":{""role"":""worked at""\,""pid"":""po:141""\,""label"":""Dikstaal\, A.""\,""concept"":{""pid"":""aat:300024987""\,""$"":""architects""}}}}",Bandung,po:56,Bandung,,po:56,"Fermont-Cuypers, Semarang en Bandung",collection:koloniaal_erfgoed,,1754754047512936448,"Fermont-Cuypers\, Semarang en Bandung",2013-11-25T11:41:13.563Z,,
"",Organization,,schools (organizations),2014-06-16T13:00:02.263Z,,,"{""pid"":""po:71""\,""type"":""Organization""\,""label"":""Rijksnormaalschool""\,""datastream-ID"":[""OBJ""\,""TECHMD""\,""TN""\,""MEDIUM_SIZE""]\,""meta"":{""concept"":{""pid"":""aat:300266108""\,""$"":""schools (organizations)""}\,""place"":{""pid"":""gn:2759794""\,""$"":""Amsterdam""}\,""prefName"":""Rijksnormaalschool""}\,""items"":{""Person"":{""role"":""student at""\,""pid"":""po:135""\,""label"":""Citroen\, C.""\,""place"":{""pid"":""gn:2759794""\,""$"":""Amsterdam""}\,""concept"":{""pid"":""aat:300024987""\,""$"":""architects""}}}}",Amsterdam,po:71,Amsterdam,,po:71,Rijksnormaalschool,collection:koloniaal_erfgoed,,1754754314294788096,Rijksnormaalschool,2013-11-26T09:39:30.849Z,,
"",Organization,,"academies (organizations),schools (organizations)",2014-06-16T12:30:03.344Z,,,"{""pid"":""po:76""\,""type"":""Organization""\,""label"":""Ecole des Beaux Arts""\,""datastream-ID"":[""OBJ""\,""TECHMD""\,""TN""\,""MEDIUM_SIZE""]\,""meta"":{""concept"":[{""pid"":""aat:300007089""\,""$"":""academies (organizations)""}\,{""pid"":""aat:300266108""\,""$"":""schools (organizations)""}]\,""place"":{""pid"":""gn:2988507""\,""$"":""Paris""}\,""prefName"":""Ecole des Beaux Arts""}\,""items"":{""Person"":{""role"":""student at""\,""pid"":""po:190""\,""label"":""Liem\, B.T.""\,""place"":{""pid"":""gn:1627896""\,""$"":""Semarang""}\,""concept"":{""pid"":""aat:300024987""\,""$"":""architects""}}}}",Paris,po:76,"Paris,Paris,París",,po:76,Ecole des Beaux Arts,collection:koloniaal_erfgoed,,1754752746598170624,Ecole des Beaux Arts,2013-11-26T09:46:07.572Z,,
"",Organization,,"engineers,architectenbureau",2014-06-16T09:40:02.527Z,,,"{""pid"":""po:38""\,""type"":""Organization""\,""label"":""Biro arsitek dan insinyur Sangkuriang N.V.""\,""datastream-ID"":[""OBJ""\,""TECHMD""\,""TN""\,""MEDIUM_SIZE""]\,""meta"":{""concept"":[{""pid"":""aat:300025063""\,""$"":""engineers""}\,{""pid"":""aat:900027065""\,""$"":""architectenbureau""}]\,""name"":[""PT Sangkuriang. Biro Arsitek dan Insinyur""\,""Biro arsitek dan insinjur Sankuriang n.v.""\,""Biro arsitek dan insinjur Sangkuriang N.V.""\,""PT Sangkuriang Biro Arsitek dan Insinyur""]\,""place"":{""pid"":""gn:1650357""\,""$"":""Bandung""}\,""prefName"":""Biro arsitek dan insinyur Sangkuriang N.V.""}\,""items"":{""Person"":[{""role"":""worked at""\,""pid"":""po:173""\,""label"":""Ingenegeren\, A.C.""\,""concept"":{""pid"":""aat:300024987""\,""$"":""architects""}}\,{""role"":""worked at""\,""pid"":""po:265""\,""label"":""Vrijburg\, G.S.""\,""concept"":{""pid"":""aat:300024987""\,""$"":""architects""}}]}}",Bandung,po:38,Bandung,,po:38,Biro arsitek dan insinyur Sangkuriang N.V.,collection:koloniaal_erfgoed,,1754752815544139776,"PT Sangkuriang. Biro Arsitek dan Insinyur,Biro arsitek dan insinjur Sankuriang n.v.,Biro arsitek dan insinjur Sangkuriang N.V.,PT Sangkuriang Biro Arsitek dan Insinyur,Biro arsitek dan insinyur Sangkuriang N.V.",2013-11-25T09:32:11.929Z,,
"",Organization,,"engineers,architectenbureau",2014-06-16T10:00:02.510Z,,,"{""pid"":""po:27""\,""type"":""Organization""\,""label"":""C.P. Schoemaker en Associatie\, Architecten en Ingenieurs""\,""datastream-ID"":[""OBJ""\,""TECHMD""\,""TN""\,""MEDIUM_SIZE""]\,""meta"":{""concept"":[{""pid"":""aat:300025063""\,""$"":""engineers""}\,{""pid"":""aat:900027065""\,""$"":""architectenbureau""}]\,""place"":{""pid"":""gn:1650357""\,""$"":""Bandung""}\,""prefName"":""C.P. Schoemaker en Associatie\, Architecten en Ingenieurs""}\,""items"":{""Person"":[{""role"":""worked at""\,""pid"":""po:216""\,""label"":""Oyen\, J.Th. van""\,""place"":{""pid"":""gn:2747373""\,""$"":""The Hague""}\,""concept"":{""pid"":""aat:300024987""\,""$"":""architects""}}\,{""role"":""worked at""\,""pid"":""po:238""\,""label"":""Schoemaker\, R.L.A.""\,""place"":{""pid"":""gn:2748000""\,""$"":""Roermond""}\,""concept"":{""pid"":""aat:300024987""\,""$"":""architects""}}\,{""role"":""worked at""\,""pid"":""po:274""\,""label"":""Wolff Schoemaker\, C.P.""\,""place"":{""pid"":""gn:1650102""\,""$"":""Banyubiru""}\,""concept"":{""pid"":""aat:300024987""\,""$"":""architects""}}]}}",Bandung,po:27,Bandung,,po:27,"C.P. Schoemaker en Associatie, Architecten en Ingenieurs",collection:koloniaal_erfgoed,,1754754639614443520,"C.P. Schoemaker en Associatie\, Architecten en Ingenieurs",2013-11-21T14:21:05.052Z,,
"",Organization,,architectenbureau,2014-09-04T15:58:31.716Z,,,"{""pid"":""po:52""\,""type"":""Organization""\,""label"":""Architectenbureau M.J. Hulswit\, Batavia ""\,""datastream-ID"":[""OBJ""\,""TECHMD""\,""TN""\,""MEDIUM_SIZE""]\,""meta"":{""concept"":{""pid"":""aat:900027065""\,""$"":""architectenbureau""}\,""place"":{""pid"":""gn:1642911""\,""$"":""Jakarta""}\,""prefName"":""Architectenbureau M.J. Hulswit\, Batavia""}\,""items"":{""Person"":{""role"":""worked at""\,""pid"":""po:172""\,""label"":""Hulswit\, M.J.""\,""place"":{""pid"":""gn:2759794""\,""$"":""Amsterdam""}\,""concept"":{""pid"":""aat:300024987""\,""$"":""architects""}}}}",Jakarta,po:52,"Jakarta,Jakarta",,po:52,"Architectenbureau M.J. Hulswit, Batavia ",collection:koloniaal_erfgoed,,1754758836259913728,"Architectenbureau M.J. Hulswit\, Batavia",2013-11-25T11:13:15.141Z,,
"",Organization,,"academies (organizations),schools (organizations)",2014-06-16T12:40:02.551Z,,,"{""pid"":""po:68""\,""type"":""Organization""\,""label"":""Kunstnijverheidsschool Quellinus""\,""datastream-ID"":[""OBJ""\,""TECHMD""\,""TN""\,""MEDIUM_SIZE""]\,""meta"":{""concept"":[{""pid"":""aat:300007089""\,""$"":""academies (organizations)""}\,{""pid"":""aat:300266108""\,""$"":""schools (organizations)""}]\,""place"":{""pid"":""gn:2759794""\,""$"":""Amsterdam""}\,""prefName"":""Kunstnijverheidsschool Quellinus""}\,""items"":{""Person"":{""role"":""student at""\,""pid"":""po:172""\,""label"":""Hulswit\, M.J.""\,""place"":{""pid"":""gn:2759794""\,""$"":""Amsterdam""}\,""concept"":{""pid"":""aat:300024987""\,""$"":""architects""}}}}",Amsterdam,po:68,Amsterdam,,po:68,Kunstnijverheidsschool Quellinus,collection:koloniaal_erfgoed,,1754758912839516160,Kunstnijverheidsschool Quellinus,2013-11-26T09:35:15.465Z,,
"",Organization,,engineers,2014-06-16T10:10:02.770Z,,,"{""pid"":""po:88""\,""type"":""Organization""\,""label"":""N.V. Ingenieursbureau Bakker en Meyboom (bijkantoor Amsterdam)""\,""datastream-ID"":[""OBJ""\,""TECHMD""\,""TN""\,""MEDIUM_SIZE""]\,""meta"":{""concept"":{""pid"":""aat:300025063""\,""$"":""engineers""}\,""name"":""Ingenieursbureau Bakker en Meyboom (bijkantoor Amsterdam)""\,""place"":{""pid"":""gn:2759794""\,""$"":""Amsterdam""}\,""prefName"":""N.V. Ingenieursbureau Bakker en Meyboom (bijkantoor Amsterdam)""}\,""items"":{""Person"":{""role"":""worked at""\,""pid"":""po:204""\,""label"":""Meyboom""\,""concept"":{""pid"":""aat:300024987""\,""$"":""architects""}}}}",Amsterdam,po:88,Amsterdam,,po:88,N.V. Ingenieursbureau Bakker en Meyboom (bijkantoor Amsterdam),collection:koloniaal_erfgoed,,1754760085478834176,"Ingenieursbureau Bakker en Meyboom (bijkantoor Amsterdam),N.V. Ingenieursbureau Bakker en Meyboom (bijkantoor Amsterdam)",2013-11-27T13:47:52.293Z,,
"",Organization,,"polytechnics,universities",2014-09-04T15:58:30.467Z,,,"{""pid"":""po:10""\,""type"":""Organization""\,""label"":""Bauschule Eidgenössisches Polytechnikum""\,""datastream-ID"":[""OBJ""\,""TECHMD""\,""TN""\,""MEDIUM_SIZE""]\,""meta"":{""concept"":[{""pid"":""aat:300006616""\,""$"":""polytechnics""}\,{""pid"":""aat:300006617""\,""$"":""universities""}]\,""name"":[""Swiss Federal Institute of Technology Zurich""\,""ETH Zürich""\,""Eidgenössische Technische Hochschule Zürich""]\,""place"":{""pid"":""gn:2657896""\,""$"":""Zurich""}\,""prefName"":""Bauschule Eidgenössisches Polytechnikum""}\,""items"":{""Person"":{""role"":""student at""\,""pid"":""po:13""\,""label"":""Berlage\, H.P.""\,""place"":{""pid"":""gn:2759794""\,""$"":""Amsterdam""}\,""concept"":[{""pid"":""aat:300264668""\,""$"":""urban designers""}\,{""pid"":""aat:300024987""\,""$"":""architects""}]}}}",Zurich,po:10,"Zurich,Zürich",,po:10,Bauschule Eidgenössisches Polytechnikum,collection:koloniaal_erfgoed,,1754760361044606976,"Swiss Federal Institute of Technology Zurich,ETH Zürich,Eidgenössische Technische Hochschule Zürich,Bauschule Eidgenössisches Polytechnikum",2013-11-01T12:55:56.477Z,,
"",Organization,,"engineers,architectenbureau",2014-06-13T14:20:02.801Z,,,"{""pid"":""po:280""\,""type"":""Organization""\,""label"":""Architectenbureau F. Silaban""\,""datastream-ID"":[""OBJ""\,""TECHMD""\,""TN""\,""MEDIUM_SIZE""]\,""meta"":{""concept"":[{""pid"":""aat:300025063""\,""$"":""engineers""}\,{""pid"":""aat:900027065""\,""$"":""architectenbureau""}]\,""name"":""Bureau van Friedrich Silaban en J.M. (Han) Groenewegen""\,""place"":{""pid"":""gn:1642911""\,""$"":""Jakarta""}\,""prefName"":""Architectenbureau F. Silaban""}\,""items"":null}",Jakarta,po:280,"Jakarta,Jakarta",,po:280,Architectenbureau F. Silaban,collection:koloniaal_erfgoed,,1754760492617826304,"Bureau van Friedrich Silaban en J.M. (Han) Groenewegen,Architectenbureau F. Silaban",2014-06-13T14:11:36.861Z,,
"",Organization,,architectenbureau,2014-06-13T14:50:03.187Z,,,"{""pid"":""po:35""\,""type"":""Organization""\,""label"":""Architectenbureau Rijksen en Estourgie""\,""datastream-ID"":[""OBJ""\,""TECHMD""\,""TN""\,""MEDIUM_SIZE""]\,""meta"":{""concept"":{""pid"":""aat:900027065""\,""$"":""architectenbureau""}\,""place"":{""pid"":""gn:1625822""\,""$"":""Surabaya""}\,""prefName"":""Architectenbureau Rijksen en Estourgie""}\,""items"":{""Person"":[{""role"":""worked at""\,""pid"":""po:151""\,""label"":""Estourgie\, H.L.J.M.""\,""place"":{""pid"":""gn:2759794""\,""$"":""Amsterdam""}\,""concept"":{""pid"":""aat:300024987""\,""$"":""architects""}}\,{""role"":""worked at""\,""pid"":""po:228""\,""label"":""Rijksen\, R.""\,""concept"":{""pid"":""aat:300024987""\,""$"":""architects""}}]}}",Surabaya,po:35,Surabaya,,po:35,Architectenbureau Rijksen en Estourgie,collection:koloniaal_erfgoed,,1754760646997573632,Architectenbureau Rijksen en Estourgie,2013-11-21T15:08:14.512Z,,
"",Organization,,architectenbureau,2014-06-13T14:40:02.837Z,,,"{""pid"":""po:31""\,""type"":""Organization""\,""label"":""Architectenbureau Brinkman en Voorhoeve""\,""datastream-ID"":[""OBJ""\,""TECHMD""\,""TN""\,""MEDIUM_SIZE""]\,""meta"":{""concept"":{""pid"":""aat:900027065""\,""$"":""architectenbureau""}\,""place"":{""pid"":""gn:1650357""\,""$"":""Bandung""}\,""prefName"":""Architectenbureau Brinkman en Voorhoeve""}\,""items"":{""Person"":[{""role"":""worked at""\,""pid"":""po:129""\,""label"":""Brinkman\, F.W.""\,""concept"":{""pid"":""aat:300024987""\,""$"":""architects""}}\,{""role"":""worked at""\,""pid"":""po:263""\,""label"":""Voorhoeve\, G.H.""\,""place"":{""pid"":""gn:2747891""\,""$"":""Rotterdam""}\,""concept"":{""pid"":""aat:300024987""\,""$"":""architects""}}]}}",Bandung,po:31,Bandung,,po:31,Architectenbureau Brinkman en Voorhoeve,collection:koloniaal_erfgoed,,1754760646722846720,Architectenbureau Brinkman en Voorhoeve,2013-11-21T14:57:18.663Z,,
"",Organization,,processing plants,2014-06-16T11:00:02.420Z,,,"{""pid"":""po:21""\,""type"":""Organization""\,""label"":""Fa. Schlieper & Co.""\,""datastream-ID"":[""OBJ""\,""TECHMD""\,""TN""\,""MEDIUM_SIZE""]\,""meta"":{""concept"":{""pid"":""aat:300164121""\,""$"":""processing plants""}\,""name"":[""Firma Carl Schlieper & Co""\,""Carl Schlieper & Company""]\,""place"":{""pid"":""gn:1642911""\,""$"":""Jakarta""}\,""prefName"":""Fa. Schlieper & Co.""}\,""items"":{""Person"":{""role"":""worked at""\,""pid"":""po:274""\,""label"":""Wolff Schoemaker\, C.P.""\,""place"":{""pid"":""gn:1650102""\,""$"":""Banyubiru""}\,""concept"":{""pid"":""aat:300024987""\,""$"":""architects""}}}}",Jakarta,po:21,"Jakarta,Jakarta",,po:21,Fa. Schlieper & Co.,collection:koloniaal_erfgoed,,1754761130100654080,"Firma Carl Schlieper & Co,Carl Schlieper & Company,Fa. Schlieper & Co.",2013-11-18T15:45:19.894Z,,
"",Organization,,contractors,2014-06-16T11:30:03.768Z,,,"{""pid"":""po:93""\,""type"":""Organization""\,""label"":""Vennootschap Bennink & Co.""\,""datastream-ID"":[""OBJ""\,""TECHMD""\,""TN""\,""MEDIUM_SIZE""]\,""meta"":{""concept"":{""pid"":""aat:300025052""\,""$"":""contractors""}\,""place"":{""pid"":""gn:1650357""\,""$"":""Bandung""}\,""prefName"":""Vennootschap Bennink & Co.""}\,""items"":{""Person"":[{""role"":""worked at""\,""pid"":""po:117""\,""label"":""Bennink\, J.""\,""concept"":{""pid"":""aat:300024987""\,""$"":""architects""}}\,{""role"":""worked at""\,""pid"":""po:118""\,""label"":""Bennink\, W.C.""\,""concept"":{""pid"":""aat:300024987""\,""$"":""architects""}}]}}",Bandung,po:93,Bandung,,po:93,Vennootschap Bennink & Co.,collection:koloniaal_erfgoed,,1754761055890833408,Vennootschap Bennink & Co.,2013-11-27T14:02:16.633Z,,
"",Organization,,"polytechnics,universities",2014-11-05T15:51:13.469Z,,,"{""pid"":""po:73""\,""type"":""Organization""\,""label"":""Technische Hogeschool Delft""\,""datastream-ID"":[""TECHMD""\,""OBJ""\,""TN""\,""MEDIUM_SIZE""]\,""meta"":{""concept"":[{""pid"":""aat:300006616""\,""$"":""polytechnics""}\,{""pid"":""aat:300006617""\,""$"":""universities""}]\,""place"":{""pid"":""gn:2757345""\,""$"":""Delft""}\,""prefName"":""Technische Hogeschool Delft""}\,""items"":{""Person"":[{""role"":""student at""\,""pid"":""po:122""\,""label"":""Blankenberg\, J.F.L.""\,""place"":{""pid"":""gn:2755003""\,""$"":""Haarlem""}\,""concept"":{""pid"":""aat:300024987""\,""$"":""architects""}}\,{""role"":""student at""\,""pid"":""po:171""\,""label"":""Hoytema\, J.F. van""\,""place"":{""pid"":""gn:2757345""\,""$"":""Delft""}\,""concept"":{""pid"":""aat:300024987""\,""$"":""architects""}}\,{""role"":""student at""\,""pid"":""po:177""\,""label"":""Karsten\, Th.""\,""place"":{""pid"":""gn:2759794""\,""$"":""Amsterdam""}\,""concept"":{""pid"":""aat:300024987""\,""$"":""architects""}}\,{""role"":""student at""\,""pid"":""po:190""\,""label"":""Liem\, B.T.""\,""place"":{""pid"":""gn:1627896""\,""$"":""Semarang""}\,""concept"":{""pid"":""aat:300024987""\,""$"":""architects""}}\,{""role"":""student at""\,""pid"":""po:198""\,""label"":""Maclaine Pont\, H.""\,""place"":{""pid"":""gn:1642911""\,""$"":""Jakarta""}\,""concept"":{""pid"":""aat:300024987""\,""$"":""architects""}}\,{""role"":""student at""\,""pid"":""po:201""\,""label"":""Meijer\, H.""\,""place"":{""pid"":""gn:2759821""\,""$"":""Amersfoort""}\,""concept"":{""pid"":""aat:300024987""\,""$"":""architects""}}\,{""role"":""student at""\,""pid"":""po:203""\,""label"":""Mertens\, H.F.""\,""place"":{""pid"":""gn:1642911""\,""$"":""Jakarta""}\,""concept"":{""pid"":""aat:300024987""\,""$"":""architects""}}\,{""role"":""student at""\,""pid"":""po:213""\,""label"":""Nix\, C.T.""\,""place"":{""pid"":""gn:1650357""\,""$"":""Bandung""}\,""concept"":{""pid"":""aat:300024987""\,""$"":""architects""}}\,{""role"":""worked at""\,""pid"":""po:238""\,""label"":""Schoemaker\, R.L.A.""\,""place"":{""pid"":""gn:2748000""\,""$"":""Roermond""}\,""concept"":{""pid"":""aat:300024987""\,""$"":""architects""}}\,{""role"":""student at""\,""pid"":""po:253""\,""label"":""Thijsse\, J.P.""\,""place"":{""pid"":""gn:2759794""\,""$"":""Amsterdam""}\,""concept"":{""pid"":""aat:300024987""\,""$"":""architects""}}\,{""role"":""student at""\,""pid"":""po:291""\,""label"":""Nagel\, P.J.""\,""place"":{""pid"":""gn:2759794""\,""$"":""Amsterdam""}\,""concept"":{""pid"":""aat:300024987""\,""$"":""architects""}}]}}",Delft,po:73,Delft,,po:73,Technische Hogeschool Delft,collection:koloniaal_erfgoed,,1754762484168785920,Technische Hogeschool Delft,2013-11-26T09:41:55.547Z,,
"",Organization,,architectenbureau,2014-06-16T10:00:02.653Z,,,"{""pid"":""po:42""\,""type"":""Organization""\,""label"":""Bureau Thomas Karsten""\,""datastream-ID"":[""OBJ""\,""TECHMD""\,""TN""\,""MEDIUM_SIZE""]\,""meta"":{""concept"":{""pid"":""aat:900027065""\,""$"":""architectenbureau""}\,""place"":{""pid"":""gn:1627896""\,""$"":""Semarang""}\,""prefName"":""Bureau Thomas Karsten""}\,""items"":{""Person"":[{""role"":""worked at""\,""pid"":""po:177""\,""label"":""Karsten\, Th.""\,""place"":{""pid"":""gn:2759794""\,""$"":""Amsterdam""}\,""concept"":{""pid"":""aat:300024987""\,""$"":""architects""}}\,{""role"":""worked at""\,""pid"":""po:245""\,""label"":""Soesilo\, Moh.""\,""concept"":{""pid"":""aat:300024987""\,""$"":""architects""}}]}}",Semarang,po:42,Semarang,,po:42,Bureau Thomas Karsten,collection:koloniaal_erfgoed,,1754762717955096576,Bureau Thomas Karsten,2013-11-25T09:41:07.769Z,,
"",Organization,,architectenbureau,2014-06-13T14:40:02.955Z,,,"{""pid"":""po:32""\,""type"":""Organization""\,""label"":""Architectenbureau De Jongh\, Taen en Nix""\,""datastream-ID"":[""OBJ""\,""TECHMD""\,""TN""\,""MEDIUM_SIZE""]\,""meta"":{""concept"":{""pid"":""aat:900027065""\,""$"":""architectenbureau""}\,""prefName"":""Architectenbureau De Jongh\, Taen en Nix""}\,""items"":{""Person"":[{""role"":""worked at""\,""pid"":""po:213""\,""label"":""Nix\, C.T.""\,""place"":{""pid"":""gn:1650357""\,""$"":""Bandung""}\,""concept"":{""pid"":""aat:300024987""\,""$"":""architects""}}\,{""role"":""worked at""\,""pid"":""po:252""\,""label"":""Taen Err Toung\, Th.J.""\,""place"":{""pid"":""gn:2950159""\,""$"":""Berlin""}\,""concept"":{""pid"":""aat:300024987""\,""$"":""architects""}}]}}",,po:32,,,po:32,"Architectenbureau De Jongh, Taen en Nix",collection:koloniaal_erfgoed,,1754762548185399296,"Architectenbureau De Jongh\, Taen en Nix",2013-11-21T15:01:17.264Z,,
"",Organization,,"engineers,architectenbureau",2014-06-16T09:40:02.788Z,,,"{""pid"":""po:81""\,""type"":""Organization""\,""label"":""Bouwkundig bureau H. Maclaine Pont""\,""datastream-ID"":[""OBJ""\,""TECHMD""\,""TN""\,""MEDIUM_SIZE""]\,""meta"":{""concept"":[{""pid"":""aat:300025063""\,""$"":""engineers""}\,{""pid"":""aat:900027065""\,""$"":""architectenbureau""}]\,""place"":{""pid"":""gn:1627896""\,""$"":""Semarang""}\,""prefName"":""Bouwkundig bureau H. Maclaine Pont""}\,""items"":{""Person"":{""role"":""worked at""\,""pid"":""po:177""\,""label"":""Karsten\, Th.""\,""place"":{""pid"":""gn:2759794""\,""$"":""Amsterdam""}\,""concept"":{""pid"":""aat:300024987""\,""$"":""architects""}}}}",Semarang,po:81,Semarang,,po:81,Bouwkundig bureau H. Maclaine Pont,collection:koloniaal_erfgoed,,1754762048809467904,Bouwkundig bureau H. Maclaine Pont,2013-11-27T13:26:30.380Z,,
"",Organization,,contractors,2014-09-04T15:58:31.374Z,,,"{""pid"":""po:29""\,""type"":""Organization""\,""label"":""Aannemers Gebr. Scheffer""\,""datastream-ID"":[""OBJ""\,""TECHMD""\,""TN""\,""MEDIUM_SIZE""]\,""meta"":{""concept"":{""pid"":""aat:300025052""\,""$"":""contractors""}\,""prefName"":""Aannemers Gebr. Scheffer""}\,""items"":{""Person"":{""role"":""worked at""\,""pid"":""po:172""\,""label"":""Hulswit\, M.J.""\,""place"":{""pid"":""gn:2759794""\,""$"":""Amsterdam""}\,""concept"":{""pid"":""aat:300024987""\,""$"":""architects""}}}}",,po:29,,,po:29,Aannemers Gebr. Scheffer,collection:koloniaal_erfgoed,,1754762048706707456,Aannemers Gebr. Scheffer,2013-11-21T14:23:54.897Z,,
"",Organization,,engineers,2014-06-16T10:00:05.961Z,,,"{""pid"":""po:82""\,""type"":""Organization""\,""label"":""Bureau Sitsen & Louzada""\,""datastream-ID"":[""OBJ""\,""TECHMD""\,""TN""\,""MEDIUM_SIZE""]\,""meta"":{""concept"":{""pid"":""aat:300025063""\,""$"":""engineers""}\,""prefName"":""Bureau Sitsen & Louzada""}\,""items"":null}",,po:82,,,po:82,Bureau Sitsen & Louzada,collection:koloniaal_erfgoed,,1754763291511488512,Bureau Sitsen & Louzada,2013-11-27T13:29:21.781Z,,
"",Organization,,contractors,2014-09-04T15:58:30.793Z,,,"{""pid"":""po:22""\,""type"":""Organization""\,""label"":""Aannemings Mij. Oost-Indië""\,""datastream-ID"":[""OBJ""\,""TECHMD""\,""TN""\,""MEDIUM_SIZE""]\,""meta"":{""concept"":{""pid"":""aat:300025052""\,""$"":""contractors""}\,""place"":{""pid"":""gn:1214520""\,""$"":""Medan""}\,""prefName"":""Aannemings Mij. Oost-Indië""}\,""items"":{""Person"":{""role"":""worked at""\,""pid"":""po:197""\,""label"":""Lutjens\, G.W.A.W.""\,""concept"":{""pid"":""aat:300024987""\,""$"":""architects""}}}}",Medan,po:22,Medan,,po:22,Aannemings Mij. Oost-Indië,collection:koloniaal_erfgoed,,1754761697435844608,Aannemings Mij. Oost-Indië,2013-11-20T14:12:57.890Z,,
"",Organization,,"engineers,architectenbureau",2014-06-13T14:40:03.306Z,,,"{""pid"":""po:98""\,""type"":""Organization""\,""label"":""Technisch bureau A.A. Fermont""\,""datastream-ID"":[""OBJ""\,""TECHMD""\,""TN""\,""MEDIUM_SIZE""]\,""meta"":{""concept"":[{""pid"":""aat:300025063""\,""$"":""engineers""}\,{""pid"":""aat:900027065""\,""$"":""architectenbureau""}]\,""place"":{""pid"":""gn:1642911""\,""$"":""Jakarta""}\,""prefName"":""Technisch bureau A.A. Fermont""}\,""items"":{""Person"":[{""role"":""worked at""\,""pid"":""po:152""\,""label"":""Fermont\, A.A.""\,""concept"":{""pid"":""aat:300024987""\,""$"":""architects""}}\,{""role"":""worked at""\,""pid"":""po:172""\,""label"":""Hulswit\, M.J.""\,""place"":{""pid"":""gn:2759794""\,""$"":""Amsterdam""}\,""concept"":{""pid"":""aat:300024987""\,""$"":""architects""}}]}}",Jakarta,po:98,"Jakarta,Jakarta",,po:98,Technisch bureau A.A. Fermont,collection:koloniaal_erfgoed,,1754763483099955200,Technisch bureau A.A. Fermont,2013-11-27T14:10:59.952Z,,
"",Organization,,engineers,2014-06-16T10:10:02.687Z,,,"{""pid"":""po:87""\,""type"":""Organization""\,""label"":""N.V. Ingenieursbureau Bakker & Meyboom""\,""datastream-ID"":[""OBJ""\,""TECHMD""\,""TN""\,""MEDIUM_SIZE""]\,""meta"":{""concept"":{""pid"":""aat:300025063""\,""$"":""engineers""}\,""name"":""Ingenieursbureau Bakker & Meyboom""\,""place"":{""pid"":""gn:1642911""\,""$"":""Jakarta""}\,""prefName"":""N.V. Ingenieursbureau Bakker & Meyboom""}\,""items"":{""Person"":[{""role"":""worked at""\,""pid"":""po:112""\,""label"":""Bakker\, F.H.""\,""concept"":{""pid"":""aat:300024987""\,""$"":""architects""}}\,{""role"":""worked at""\,""pid"":""po:122""\,""label"":""Blankenberg\, J.F.L.""\,""place"":{""pid"":""gn:2755003""\,""$"":""Haarlem""}\,""concept"":{""pid"":""aat:300024987""\,""$"":""architects""}}\,{""role"":""worked at""\,""pid"":""po:184""\,""label"":""Kruizinga\, N.J.""\,""place"":{""pid"":""gn:2749325""\,""$"":""Oostwold""}\,""concept"":{""pid"":""aat:300024987""\,""$"":""architects""}}]}}",Jakarta,po:87,"Jakarta,Jakarta",,po:87,N.V. Ingenieursbureau Bakker & Meyboom,collection:koloniaal_erfgoed,,1754763538502516736,"Ingenieursbureau Bakker & Meyboom,N.V. Ingenieursbureau Bakker & Meyboom",2013-11-27T13:46:24.045Z,,
"",Organization,,universities,2014-06-16T12:50:02.874Z,,,"{""pid"":""po:77""\,""type"":""Organization""\,""label"":""Yenching University""\,""datastream-ID"":[""OBJ""\,""TECHMD""\,""TN""\,""MEDIUM_SIZE""]\,""meta"":{""concept"":{""pid"":""aat:300006617""\,""$"":""universities""}\,""place"":{""pid"":""gn:1816670""\,""$"":""Beijing""}\,""prefName"":""Yenching University""}\,""items"":{""Book"":{""role"":""has architect""\,""pid"":""uuid:369e14c0-b9f8-4bb4-b0ba-56c01942b1f3""\,""label"":""Liem Bwan Tjie (1891-1966)""\,""date"":2002\,""author"":""Dikken\, J. den""}\,""Person"":{""role"":""student at""\,""pid"":""po:190""\,""label"":""Liem\, B.T.""\,""place"":{""pid"":""gn:1627896""\,""$"":""Semarang""}\,""concept"":{""pid"":""aat:300024987""\,""$"":""architects""}}}}",Beijing,po:77,Beijing,,po:77,Yenching University,collection:koloniaal_erfgoed,,1754763834624573440,Yenching University,2013-11-26T09:47:23.574Z,,
"",Organization,,"engineers,architectenbureau",2014-06-13T14:30:02.445Z,,,"{""pid"":""po:30""\,""type"":""Organization""\,""label"":""Architecten- en Ingenieursbureau Job en Sprey""\,""datastream-ID"":[""OBJ""\,""TECHMD""\,""TN""\,""MEDIUM_SIZE""]\,""meta"":{""concept"":[{""pid"":""aat:300025063""\,""$"":""engineers""}\,{""pid"":""aat:900027065""\,""$"":""architectenbureau""}]\,""place"":{""pid"":""gn:1625822""\,""$"":""Surabaya""}\,""prefName"":""Architecten- en Ingenieursbureau Job en Sprey""}\,""items"":{""Person"":[{""role"":""worked at""\,""pid"":""po:175""\,""label"":""Job\, J.J.""\,""concept"":{""pid"":""aat:300024987""\,""$"":""architects""}}\,{""role"":""worked at""\,""pid"":""po:246""\,""label"":""Sprey\, H.Th.""\,""place"":{""pid"":""gn:2743578""\,""$"":""Zwammerdam""}\,""concept"":{""pid"":""aat:300024987""\,""$"":""architects""}}]}}",Surabaya,po:30,Surabaya,,po:30,Architecten- en Ingenieursbureau Job en Sprey,collection:koloniaal_erfgoed,,1754761398819225600,Architecten- en Ingenieursbureau Job en Sprey,2013-11-21T14:26:20.664Z,,
"",Organization,,architectenbureau,2014-06-13T14:50:03.308Z,,,"{""pid"":""po:36""\,""type"":""Organization""\,""label"":""Architectenbureau Wegerif""\,""datastream-ID"":[""OBJ""\,""TECHMD""\,""TN""\,""MEDIUM_SIZE""]\,""meta"":{""concept"":{""pid"":""aat:900027065""\,""$"":""architectenbureau""}\,""name"":""Architectenbureau van Wegerif""\,""prefName"":""Architectenbureau Wegerif""}\,""items"":{""Person"":[{""role"":""worked at""\,""pid"":""po:165""\,""label"":""Hendriks\, G.""\,""place"":{""pid"":""gn:2753106""\,""$"":""Kampen""}\,""concept"":{""pid"":""aat:300024987""\,""$"":""architects""}}\,{""role"":""worked at""\,""pid"":""po:231""\,""label"":""Roo\, E.H. de""\,""concept"":{""pid"":""aat:300024987""\,""$"":""architects""}}]}}",,po:36,,,po:36,Architectenbureau Wegerif,collection:koloniaal_erfgoed,,1754763011501850624,"Architectenbureau van Wegerif,Architectenbureau Wegerif",2013-11-21T15:09:55.354Z,,
"",Organization,,contractors,2014-06-16T11:30:03.653Z,,,"{""pid"":""po:92""\,""type"":""Organization""\,""label"":""Technisch bureau R. Rutgers""\,""datastream-ID"":[""OBJ""\,""TECHMD""\,""TN""\,""MEDIUM_SIZE""]\,""meta"":{""concept"":{""pid"":""aat:300025052""\,""$"":""contractors""}\,""place"":{""pid"":""gn:2747373""\,""$"":""The Hague""}\,""prefName"":""Technisch bureau R. Rutgers""}\,""items"":{""Person"":{""role"":""worked at""\,""pid"":""po:160""\,""label"":""Groenewegen\, J.M.""\,""place"":{""pid"":""gn:2747373""\,""$"":""The Hague""}\,""concept"":{""pid"":""aat:300024987""\,""$"":""architects""}}}}",The Hague,po:92,"The Hague,Den Haag,The Hague",,po:92,Technisch bureau R. Rutgers,collection:koloniaal_erfgoed,,1754762949087461376,Technisch bureau R. Rutgers,2013-11-27T14:00:42.603Z,,
"",Organization,,engineers,2014-08-22T12:50:03.652Z,,,"{""pid"":""po:34""\,""type"":""Organization""\,""label"":""Ingenieursbureau Ingenegeren en Vrijburg""\,""datastream-ID"":[""OBJ""\,""TECHMD""\,""TN""\,""MEDIUM_SIZE""]\,""meta"":{""concept"":{""pid"":""aat:300025063""\,""$"":""engineers""}\,""name"":[""Ingenieurs Bureau Ingenegeren en Vrijburg NV""\,""IBIV""\,""I.B.I.V.""\,""Ingenieursbureau Ingenegeren en Vrijburg NV""\,""Ingenieurs Bureau Ingenegeren en Vrijburg""\,""Ingenieurs Bureau Ingenegeren en Vrijburg N.V.""]\,""place"":{""pid"":""gn:1650357""\,""$"":""Bandung""}\,""prefName"":""Ingenieursbureau Ingenegeren en Vrijburg""}\,""items"":{""Person"":[{""role"":""worked at""\,""pid"":""po:157""\,""label"":""Gmelig Meyling\, A.W.""\,""place"":{""pid"":""gn:2759794""\,""$"":""Amsterdam""}\,""concept"":{""pid"":""aat:300024987""\,""$"":""architects""}}\,{""role"":""worked at""\,""pid"":""po:269""\,""label"":""Westerduin\, M.""\,""place"":{""pid"":""gn:2747599""\,""$"":""Scheveningen""}\,""concept"":{""pid"":""aat:300024987""\,""$"":""architects""}}]}}",Bandung,po:34,Bandung,,po:34,Ingenieursbureau Ingenegeren en Vrijburg,collection:koloniaal_erfgoed,,1754762786186985472,"Ingenieurs Bureau Ingenegeren en Vrijburg NV,IBIV,I.B.I.V.,Ingenieursbureau Ingenegeren en Vrijburg NV,Ingenieurs Bureau Ingenegeren en Vrijburg,Ingenieurs Bureau Ingenegeren en Vrijburg N.V.,Ingenieursbureau Ingenegeren en Vrijburg",2013-11-21T15:04:36.743Z,,
"",Organization,,"engineers,architectenbureau",2014-06-13T14:50:03.420Z,,,"{""pid"":""po:37""\,""type"":""Organization""\,""label"":""Karsten\, Lutjens & Toussaint""\,""datastream-ID"":[""OBJ""\,""TECHMD""\,""TN""\,""MEDIUM_SIZE""]\,""meta"":{""concept"":[{""pid"":""aat:300025063""\,""$"":""engineers""}\,{""pid"":""aat:900027065""\,""$"":""architectenbureau""}]\,""name"":""Architectonisch-stedebouwkundig bureau Karsten\, Lutjens en Toussaint""\,""place"":{""pid"":""gn:1627896""\,""$"":""Semarang""}\,""prefName"":""Karsten\, Lutjens & Toussaint""}\,""items"":{""Person"":[{""role"":""worked at""\,""pid"":""po:177""\,""label"":""Karsten\, Th.""\,""place"":{""pid"":""gn:2759794""\,""$"":""Amsterdam""}\,""concept"":{""pid"":""aat:300024987""\,""$"":""architects""}}\,{""role"":""worked at""\,""pid"":""po:247""\,""label"":""Steenstra Toussaint\, D.J.""\,""concept"":{""pid"":""aat:300024987""\,""$"":""architects""}}]}}",Semarang,po:37,Semarang,,po:37,"Karsten, Lutjens & Toussaint",collection:koloniaal_erfgoed,,1754762786350563328,"Architectonisch-stedebouwkundig bureau Karsten\, Lutjens en Toussaint,Karsten\, Lutjens & Toussaint",2013-11-25T09:28:42.093Z,,